id|name|url|type
0|India|http://dbpedia.org/resource/India|country
1|China|http://dbpedia.org/resource/China|country
2|Angola|http://dbpedia.org/resource/Angola|country
3|Austria|http://dbpedia.org/resource/Austria|country
4|Azerbaijan|http://dbpedia.org/resource/Azerbaijan|country
5|Bolivia|http://dbpedia.org/resource/Bolivia|country
6|Bosnia_and_Herzegovina|http://dbpedia.org/resource/Bosnia_and_Herzegovina|country
7|Bulgaria|http://dbpedia.org/resource/Bulgaria|country
8|Chad|http://dbpedia.org/resource/Chad|country
9|Croatia|http://dbpedia.org/resource/Croatia|country
10|Denmark|http://dbpedia.org/resource/Denmark|country
11|Dominican_Republic|http://dbpedia.org/resource/Dominican_Republic|country
12|El_Salvador|http://dbpedia.org/resource/El_Salvador|country
13|Estonia|http://dbpedia.org/resource/Estonia|country
14|Finland|http://dbpedia.org/resource/Finland|country
15|Honduras|http://dbpedia.org/resource/Honduras|country
16|Hong_Kong|http://dbpedia.org/resource/Hong_Kong|country
17|Israel|http://dbpedia.org/resource/Israel|country
18|Jordan|http://dbpedia.org/resource/Jordan|country
19|Laos|http://dbpedia.org/resource/Laos|country
20|Latvia|http://dbpedia.org/resource/Latvia|country
21|Liberia|http://dbpedia.org/resource/Liberia|country
22|Libya|http://dbpedia.org/resource/Libya|country
23|Lithuania|http://dbpedia.org/resource/Lithuania|country
24|Malta|http://dbpedia.org/resource/Malta|country
25|Mauritania|http://dbpedia.org/resource/Mauritania|country
26|Mauritius|http://dbpedia.org/resource/Mauritius|country
27|Mongolia|http://dbpedia.org/resource/Mongolia|country
28|Namibia|http://dbpedia.org/resource/Namibia|country
29|New_Zealand|http://dbpedia.org/resource/New_Zealand|country
30|Nicaragua|http://dbpedia.org/resource/Nicaragua|country
31|Northern_Ireland|http://dbpedia.org/resource/Northern_Ireland|country
32|Norway|http://dbpedia.org/resource/Norway|country
33|Oman|http://dbpedia.org/resource/Oman|country
34|Panama|http://dbpedia.org/resource/Panama|country
35|Papua_New_Guinea|http://dbpedia.org/resource/Papua_New_Guinea|country
36|Puerto_Rico|http://dbpedia.org/resource/Puerto_Rico|country
37|Republic_of_Ireland|http://dbpedia.org/resource/Republic_of_Ireland|country
38|Republic_of_Macedonia|http://dbpedia.org/resource/Republic_of_Macedonia|country
39|Rwanda|http://dbpedia.org/resource/Rwanda|country
40|Scotland|http://dbpedia.org/resource/Scotland|country
41|Singapore|http://dbpedia.org/resource/Singapore|country
42|Slovakia|http://dbpedia.org/resource/Slovakia|country
43|Slovenia|http://dbpedia.org/resource/Slovenia|country
44|Swaziland|http://dbpedia.org/resource/Swaziland|country
45|Switzerland|http://dbpedia.org/resource/Switzerland|country
46|Tajikistan|http://dbpedia.org/resource/Tajikistan|country
47|Uruguay|http://dbpedia.org/resource/Uruguay|country
48|Wales|http://dbpedia.org/resource/Wales|country
49|Brazil|http://dbpedia.org/resource/Brazil|country
50|Germany|http://dbpedia.org/resource/Germany|country
51|Indonesia|http://dbpedia.org/resource/Indonesia|country
52|Japan|http://dbpedia.org/resource/Japan|country
53|Mexico|http://dbpedia.org/resource/Mexico|country
54|Pakistan|http://dbpedia.org/resource/Pakistan|country
55|Philippines|http://dbpedia.org/resource/Philippines|country
56|Russia|http://dbpedia.org/resource/Russia|country
57|United_States|http://dbpedia.org/resource/United_States|country
58|Vietnam|http://dbpedia.org/resource/Vietnam|country
59|Afghanistan|http://dbpedia.org/resource/Afghanistan|country
60|Algeria|http://dbpedia.org/resource/Algeria|country
61|Argentina|http://dbpedia.org/resource/Argentina|country
62|Australia|http://dbpedia.org/resource/Australia|country
63|Belarus|http://dbpedia.org/resource/Belarus|country
64|Belgium|http://dbpedia.org/resource/Belgium|country
65|Burma|http://dbpedia.org/resource/Burma|country
66|Canada|http://dbpedia.org/resource/Canada|country
67|Cambodia|http://dbpedia.org/resource/Cambodia|country
68|Cameroon|http://dbpedia.org/resource/Cameroon|country
69|Chile|http://dbpedia.org/resource/Chile|country
70|Colombia|http://dbpedia.org/resource/Colombia|country
71|Cuba|http://dbpedia.org/resource/Cuba|country
72|Czech_Republic|http://dbpedia.org/resource/Czech_Republic|country
73|Democratic_Republic_of_the_Congo|http://dbpedia.org/resource/Democratic_Republic_of_the_Congo|country
74|Egypt|http://dbpedia.org/resource/Egypt|country
75|England|http://dbpedia.org/resource/England|country
76|Ethiopia|http://dbpedia.org/resource/Ethiopia|country
77|France|http://dbpedia.org/resource/France|country
78|Greece|http://dbpedia.org/resource/Greece|country
79|Hungary|http://dbpedia.org/resource/Hungary|country
80|Iran|http://dbpedia.org/resource/Iran|country
81|Italy|http://dbpedia.org/resource/Italy|country
82|Kazakhstan|http://dbpedia.org/resource/Kazakhstan|country
83|Kenya|http://dbpedia.org/resource/Kenya|country
84|Madagascar|http://dbpedia.org/resource/Madagascar|country
85|Malaysia|http://dbpedia.org/resource/Malaysia|country
86|Moldova|http://dbpedia.org/resource/Moldova|country
87|Morocco|http://dbpedia.org/resource/Morocco|country
88|Nepal|http://dbpedia.org/resource/Nepal|country
89|Netherlands|http://dbpedia.org/resource/Netherlands|country
90|Niger|http://dbpedia.org/resource/Niger|country
91|Peru|http://dbpedia.org/resource/Peru|country
92|Poland|http://dbpedia.org/resource/Poland|country
93|Portugal|http://dbpedia.org/resource/Portugal|country
94|Taiwan|http://dbpedia.org/resource/Taiwan|country
95|Romania|http://dbpedia.org/resource/Romania|country
96|Senegal|http://dbpedia.org/resource/Senegal|country
97|South_Africa|http://dbpedia.org/resource/South_Africa|country
98|South_Korea|http://dbpedia.org/resource/South_Korea|country
99|Spain|http://dbpedia.org/resource/Spain|country
100|Sri_Lanka|http://dbpedia.org/resource/Sri_Lanka|country
101|Sweden|http://dbpedia.org/resource/Sweden|country
102|Tanzania|http://dbpedia.org/resource/Tanzania|country
103|Thailand|http://dbpedia.org/resource/Thailand|country
104|Tunisia|http://dbpedia.org/resource/Tunisia|country
105|Turkey|http://dbpedia.org/resource/Turkey|country
106|Ukraine|http://dbpedia.org/resource/Ukraine|country
107|United_Kingdom|http://dbpedia.org/resource/United_Kingdom|country
108|Venezuela|http://dbpedia.org/resource/Venezuela|country
109|Yemen|http://dbpedia.org/resource/Yemen|country
110|Zambia|http://dbpedia.org/resource/Zambia|country
111|Pondicherry|http://dbpedia.org/resource/Pondicherry|city
112|Rewari|http://dbpedia.org/resource/Rewari|city
113|Mysore|http://dbpedia.org/resource/Mysore|city
114|Thane|http://dbpedia.org/resource/Thane|city
115|Shibpur|http://dbpedia.org/resource/Shibpur|city
116|Rohtak|http://dbpedia.org/resource/Rohtak|city
117|Jiaganj_Azimganj|http://dbpedia.org/resource/Jiaganj_Azimganj|city
118|Andhra_Pradesh|http://dbpedia.org/resource/Andhra_Pradesh|city
119|Shillong|http://dbpedia.org/resource/Shillong|city
120|Baharampur|http://dbpedia.org/resource/Baharampur|city
121|Bhopal|http://dbpedia.org/resource/Bhopal|city
122|Tezpur|http://dbpedia.org/resource/Tezpur|city
123|Rourkela|http://dbpedia.org/resource/Rourkela|city
124|Chennai|http://dbpedia.org/resource/Chennai|city
125|Noida|http://dbpedia.org/resource/Noida|city
126|Jammu|http://dbpedia.org/resource/Jammu|city
127|Kalyani|http://dbpedia.org/resource/Kalyani|city
128|Delhi|http://dbpedia.org/resource/Delhi|city
129|Gobichettipalayam|http://dbpedia.org/resource/Gobichettipalayam|city
130|Kochi|http://dbpedia.org/resource/Kochi|city
131|Srinagar|http://dbpedia.org/resource/Srinagar|city
132|Ahmedabad|http://dbpedia.org/resource/Ahmedabad|city
133|Pune|http://dbpedia.org/resource/Pune|city
134|Haldia|http://dbpedia.org/resource/Haldia|city
135|Nagpur|http://dbpedia.org/resource/Nagpur|city
136|Kakinada|http://dbpedia.org/resource/Kakinada|city
137|Berhampur|http://dbpedia.org/resource/Berhampur|city
138|Darbhanga|http://dbpedia.org/resource/Darbhanga|city
139|Thirthahalli|http://dbpedia.org/resource/Thirthahalli|city
140|Bikaner|http://dbpedia.org/resource/Bikaner|city
141|Vellore|http://dbpedia.org/resource/Vellore|city
142|Surat|http://dbpedia.org/resource/Surat|city
143|Anantapur|http://dbpedia.org/resource/Anantapur|city
144|Cooch_Behar|http://dbpedia.org/resource/Cooch_Behar|city
145|Hubli|http://dbpedia.org/resource/Hubli|city
146|Hamirpur|http://dbpedia.org/resource/Hamirpur|city
147|Kanpur|http://dbpedia.org/resource/Kanpur|city
148|Tiruchirappalli|http://dbpedia.org/resource/Tiruchirappalli|city
149|Ujjain|http://dbpedia.org/resource/Ujjain|city
150|Visakhapatnam|http://dbpedia.org/resource/Visakhapatnam|city
151|Gandhinagar|http://dbpedia.org/resource/Gandhinagar|city
152|Kannur|http://dbpedia.org/resource/Kannur|city
153|Agra|http://dbpedia.org/resource/Agra|city
154|Loni|http://dbpedia.org/resource/Loni|city
155|Jind|http://dbpedia.org/resource/Jind|city
156|Durgapur|http://dbpedia.org/resource/Durgapur|city
157|Sangrur|http://dbpedia.org/resource/Sangrur|city
158|Raichur|http://dbpedia.org/resource/Raichur|city
159|Bardhaman|http://dbpedia.org/resource/Bardhaman|city
160|Moga|http://dbpedia.org/resource/Moga|city
161|Amritsar|http://dbpedia.org/resource/Amritsar|city
162|Srikakulam|http://dbpedia.org/resource/Srikakulam|city
163|Anantapur_district|http://dbpedia.org/resource/Anantapur_district|city
164|Kolkata|http://dbpedia.org/resource/Kolkata|city
165|Orissa|http://dbpedia.org/resource/Orissa|city
166|Kalady|http://dbpedia.org/resource/Kalady|city
167|Coimbatore|http://dbpedia.org/resource/Coimbatore|city
168|Gurgaon|http://dbpedia.org/resource/Gurgaon|city
169|Purulia|http://dbpedia.org/resource/Purulia|city
170|Kodambakkam|http://dbpedia.org/resource/Kodambakkam|city
171|Jodhpur|http://dbpedia.org/resource/Jodhpur|city
172|Mahishadal|http://dbpedia.org/resource/Mahishadal|city
173|Kurukshetra|http://dbpedia.org/resource/Kurukshetra|city
174|Meerut|http://dbpedia.org/resource/Meerut|city
175|Faizabad|http://dbpedia.org/resource/Faizabad|city
176|Bangalore|http://dbpedia.org/resource/Bangalore|city
177|Kota|http://dbpedia.org/resource/Kota|city
178|Lucknow|http://dbpedia.org/resource/Lucknow|city
179|Kalimpong|http://dbpedia.org/resource/Kalimpong|city
180|Cuttack|http://dbpedia.org/resource/Cuttack|city
181|Alappuzha|http://dbpedia.org/resource/Alappuzha|city
182|Davangere|http://dbpedia.org/resource/Davangere|city
183|Siliguri|http://dbpedia.org/resource/Siliguri|city
184|Bidar|http://dbpedia.org/resource/Bidar|city
185|Puttur|http://dbpedia.org/resource/Puttur|city
186|Maharashtra|http://dbpedia.org/resource/Maharashtra|city
187|Kolhapur|http://dbpedia.org/resource/Kolhapur|city
188|Habra|http://dbpedia.org/resource/Habra|city
189|Bihar|http://dbpedia.org/resource/Bihar|city
190|Hyderabad|http://dbpedia.org/resource/Hyderabad|city
191|Kadapa|http://dbpedia.org/resource/Kadapa|city
192|Bhilai|http://dbpedia.org/resource/Bhilai|city
193|Tirunelveli|http://dbpedia.org/resource/Tirunelveli|city
194|Moradabad|http://dbpedia.org/resource/Moradabad|city
195|Tiruvallur_district|http://dbpedia.org/resource/Tiruvallur_district|city
196|Nashik|http://dbpedia.org/resource/Nashik|city
197|Anand|http://dbpedia.org/resource/Anand|city
198|Sion|http://dbpedia.org/resource/Sion|city
199|Aizawl|http://dbpedia.org/resource/Aizawl|city
200|Jhansi|http://dbpedia.org/resource/Jhansi|city
201|Serampore|http://dbpedia.org/resource/Serampore|city
202|Asansol|http://dbpedia.org/resource/Asansol|city
203|Varanasi|http://dbpedia.org/resource/Varanasi|city
204|Navi_Mumbai|http://dbpedia.org/resource/Navi_Mumbai|city
205|Vadodara|http://dbpedia.org/resource/Vadodara|city
206|Patna|http://dbpedia.org/resource/Patna|city
207|Jajapur|http://dbpedia.org/resource/Jajapur|city
208|Bareilly|http://dbpedia.org/resource/Bareilly|city
209|Tamil_Nadu|http://dbpedia.org/resource/Tamil_Nadu|city
210|Ranchi|http://dbpedia.org/resource/Ranchi|city
211|Gulbarga|http://dbpedia.org/resource/Gulbarga|city
212|Erode|http://dbpedia.org/resource/Erode|city
213|Arambag|http://dbpedia.org/resource/Arambag|city
214|Howrah|http://dbpedia.org/resource/Howrah|city
215|Jaipur|http://dbpedia.org/resource/Jaipur|city
216|Kasaragod|http://dbpedia.org/resource/Kasaragod|city
217|Vallabh_Vidhyanagar|http://dbpedia.org/resource/Vallabh_Vidhyanagar|city
218|Suri|http://dbpedia.org/resource/Suri|city
219|Assam|http://dbpedia.org/resource/Assam|city
220|Greater_Noida|http://dbpedia.org/resource/Greater_Noida|city
221|Jorhat|http://dbpedia.org/resource/Jorhat|city
222|Allahabad|http://dbpedia.org/resource/Allahabad|city
223|Rajasthan|http://dbpedia.org/resource/Rajasthan|city
224|Aurangabad|http://dbpedia.org/resource/Aurangabad|city
225|Hisar|http://dbpedia.org/resource/Hisar|city
226|Haldwani|http://dbpedia.org/resource/Haldwani|city
227|Dum_Dum|http://dbpedia.org/resource/Dum_Dum|city
228|Vijayawada|http://dbpedia.org/resource/Vijayawada|city
229|Solapur|http://dbpedia.org/resource/Solapur|city
230|Malappuram|http://dbpedia.org/resource/Malappuram|city
231|Thanjavur|http://dbpedia.org/resource/Thanjavur|city
232|Dharwad|http://dbpedia.org/resource/Dharwad|city
233|Nalgonda|http://dbpedia.org/resource/Nalgonda|city
234|English_Bazar|http://dbpedia.org/resource/English_Bazar|city
235|Bankura|http://dbpedia.org/resource/Bankura|city
236|Belgaum|http://dbpedia.org/resource/Belgaum|city
237|Namakkal|http://dbpedia.org/resource/Namakkal|city
238|Balasore|http://dbpedia.org/resource/Balasore|city
239|Palayamkottai|http://dbpedia.org/resource/Palayamkottai|city
240|Chetpet|http://dbpedia.org/resource/Chetpet|city
241|Mangalore|http://dbpedia.org/resource/Mangalore|city
242|Nellore|http://dbpedia.org/resource/Nellore|city
243|Patiala|http://dbpedia.org/resource/Patiala|city
244|Madurai|http://dbpedia.org/resource/Madurai|city
245|Karaikudi|http://dbpedia.org/resource/Karaikudi|city
246|Karnataka|http://dbpedia.org/resource/Karnataka|city
247|Bahadurgarh|http://dbpedia.org/resource/Bahadurgarh|city
248|Silchar|http://dbpedia.org/resource/Silchar|city
249|Kandivali|http://dbpedia.org/resource/Kandivali|city
250|Ghaziabad|http://dbpedia.org/resource/Ghaziabad|city
251|Rajahmundry|http://dbpedia.org/resource/Rajahmundry|city
252|Dehradun|http://dbpedia.org/resource/Dehradun|city
253|Kozhikode|http://dbpedia.org/resource/Kozhikode|city
254|Salem|http://dbpedia.org/resource/Salem|city
255|Barasat|http://dbpedia.org/resource/Barasat|city
256|Guwahati|http://dbpedia.org/resource/Guwahati|city
257|Shimoga|http://dbpedia.org/resource/Shimoga|city
258|Kollam|http://dbpedia.org/resource/Kollam|city
259|Krishnanagar|http://dbpedia.org/resource/Krishnanagar|city
260|Ernakulam|http://dbpedia.org/resource/Ernakulam|city
261|Mumbai|http://dbpedia.org/resource/Mumbai|city
262|Talcher|http://dbpedia.org/resource/Talcher|city
263|Warangal|http://dbpedia.org/resource/Warangal|city
264|Goa|http://dbpedia.org/resource/Goa|city
265|Ajmer|http://dbpedia.org/resource/Ajmer|city
266|Raipur|http://dbpedia.org/resource/Raipur|city
267|Kerala|http://dbpedia.org/resource/Kerala|city
268|Jalpaiguri|http://dbpedia.org/resource/Jalpaiguri|city
269|Brahmavar|http://dbpedia.org/resource/Brahmavar|city
270|Manipal|http://dbpedia.org/resource/Manipal|city
271|Udaipur|http://dbpedia.org/resource/Udaipur|city
272|Tiruvallur|http://dbpedia.org/resource/Tiruvallur|city
273|Dhenkanal|http://dbpedia.org/resource/Dhenkanal|city
274|Thrissur|http://dbpedia.org/resource/Thrissur|city
275|Bandra|http://dbpedia.org/resource/Bandra|city
276|Chandigarh|http://dbpedia.org/resource/Chandigarh|city
277|Munsirhat|http://dbpedia.org/resource/Munsirhat|city
278|Tirupati|http://dbpedia.org/resource/Tirupati|city
279|Midnapore|http://dbpedia.org/resource/Midnapore|city
280|Poonamallee|http://dbpedia.org/resource/Poonamallee|city
281|Nalanda|http://dbpedia.org/resource/Nalanda|city
282|Jabalpur|http://dbpedia.org/resource/Jabalpur|city
283|Faridabad|http://dbpedia.org/resource/Faridabad|city
284|Rupnagar|http://dbpedia.org/resource/Rupnagar|city
285|Guntur|http://dbpedia.org/resource/Guntur|city
286|Kottayam|http://dbpedia.org/resource/Kottayam|city
287|Bhubaneswar|http://dbpedia.org/resource/Bhubaneswar|city
288|Fatehgarh_Sahib|http://dbpedia.org/resource/Fatehgarh_Sahib|city
289|Barrackpore|http://dbpedia.org/resource/Barrackpore|city
290|Gaya|http://dbpedia.org/resource/Gaya|city
291|Kashipur|http://dbpedia.org/resource/Kashipur|city
292|Gangtok|http://dbpedia.org/resource/Gangtok|city
293|Nerul|http://dbpedia.org/resource/Nerul|city
294|Bilaspur|http://dbpedia.org/resource/Bilaspur|city
295|Thiruchendur|http://dbpedia.org/resource/Thiruchendur|city
296|Gwalior|http://dbpedia.org/resource/Gwalior|city
297|Gujarat|http://dbpedia.org/resource/Gujarat|city
298|Indore|http://dbpedia.org/resource/Indore|city
299|Palakkad|http://dbpedia.org/resource/Palakkad|city
300|New_Delhi|http://dbpedia.org/resource/New_Delhi|city
301|Secunderabad|http://dbpedia.org/resource/Secunderabad|city
302|Durg|http://dbpedia.org/resource/Durg|city
303|Raniganj|http://dbpedia.org/resource/Raniganj|city
304|Thiruvananthapuram|http://dbpedia.org/resource/Thiruvananthapuram|city
305|Jamshedpur|http://dbpedia.org/resource/Jamshedpur|city
306|Bhagalpur|http://dbpedia.org/resource/Bhagalpur|city
307|Aligarh|http://dbpedia.org/resource/Aligarh|city
308|Sambalpur|http://dbpedia.org/resource/Sambalpur|city
309|Latur|http://dbpedia.org/resource/Latur|city
310|Zhengzhou|http://dbpedia.org/resource/Zhengzhou|city
311|Chishui|http://dbpedia.org/resource/Chishui|city
312|Donggang|http://dbpedia.org/resource/Donggang|city
313|Dandong|http://dbpedia.org/resource/Dandong|city
314|Chaohu|http://dbpedia.org/resource/Chaohu|city
315|Changji|http://dbpedia.org/resource/Changji|city
316|Bayannur|http://dbpedia.org/resource/Bayannur|city
317|Zhangzhou|http://dbpedia.org/resource/Zhangzhou|city
318|Huanggang|http://dbpedia.org/resource/Huanggang|city
319|Genhe|http://dbpedia.org/resource/Genhe|city
320|Baicheng|http://dbpedia.org/resource/Baicheng|city
321|Shenzhen|http://dbpedia.org/resource/Shenzhen|city
322|Deyang|http://dbpedia.org/resource/Deyang|city
323|Baiyin|http://dbpedia.org/resource/Baiyin|city
324|Bole|http://dbpedia.org/resource/Bole|city
325|Xi'an|http://dbpedia.org/resource/Xi'an|city
326|Ezhou|http://dbpedia.org/resource/Ezhou|city
327|Baoshan|http://dbpedia.org/resource/Baoshan|city
328|Baotou|http://dbpedia.org/resource/Baotou|city
329|Danyang|http://dbpedia.org/resource/Danyang|city
330|Changzhi|http://dbpedia.org/resource/Changzhi|city
331|Yueyang|http://dbpedia.org/resource/Yueyang|city
332|Diaobingshan|http://dbpedia.org/resource/Diaobingshan|city
333|Fuyang|http://dbpedia.org/resource/Fuyang|city
334|Dingxi|http://dbpedia.org/resource/Dingxi|city
335|Dunhuang|http://dbpedia.org/resource/Dunhuang|city
336|Nanning|http://dbpedia.org/resource/Nanning|city
337|Altay|http://dbpedia.org/resource/Altay|city
338|Fuqing|http://dbpedia.org/resource/Fuqing|city
339|Bei'an|http://dbpedia.org/resource/Bei'an|city
340|Anguo|http://dbpedia.org/resource/Anguo|city
341|Beihai|http://dbpedia.org/resource/Beihai|city
342|Daye|http://dbpedia.org/resource/Daye|city
343|Xinzheng|http://dbpedia.org/resource/Xinzheng|city
344|Harbin|http://dbpedia.org/resource/Harbin|city
345|Anshan|http://dbpedia.org/resource/Anshan|city
346|Duyun|http://dbpedia.org/resource/Duyun|city
347|Dongtai|http://dbpedia.org/resource/Dongtai|city
348|Xinxiang|http://dbpedia.org/resource/Xinxiang|city
349|Macau|http://dbpedia.org/resource/Macau|city
350|Da'an|http://dbpedia.org/resource/Da'an|city
351|Shenyang|http://dbpedia.org/resource/Shenyang|city
352|Dengta|http://dbpedia.org/resource/Dengta|city
353|Bijie|http://dbpedia.org/resource/Bijie|city
354|Aral|http://dbpedia.org/resource/Aral|city
355|Fujin|http://dbpedia.org/resource/Fujin|city
356|Chuzhou|http://dbpedia.org/resource/Chuzhou|city
357|Cenxi|http://dbpedia.org/resource/Cenxi|city
358|Songjiang_District|http://dbpedia.org/resource/Songjiang_District|city
359|Benxi|http://dbpedia.org/resource/Benxi|city
360|Datong|http://dbpedia.org/resource/Datong|city
361|Changde|http://dbpedia.org/resource/Changde|city
362|Bazhong|http://dbpedia.org/resource/Bazhong|city
363|Guilin|http://dbpedia.org/resource/Guilin|city
364|Mbabane|http://dbpedia.org/resource/Mbabane|city
365|Gaocheng|http://dbpedia.org/resource/Gaocheng|city
366|Anshun|http://dbpedia.org/resource/Anshun|city
367|Baise|http://dbpedia.org/resource/Baise|city
368|Dujiangyan|http://dbpedia.org/resource/Dujiangyan|city
369|Fangchenggang|http://dbpedia.org/resource/Fangchenggang|city
370|Erenhot|http://dbpedia.org/resource/Erenhot|city
371|Baoding|http://dbpedia.org/resource/Baoding|city
372|Ergun|http://dbpedia.org/resource/Ergun|city
373|Dunhua|http://dbpedia.org/resource/Dunhua|city
374|Gaoping|http://dbpedia.org/resource/Gaoping|city
375|Guangzhou|http://dbpedia.org/resource/Guangzhou|city
376|Hefei|http://dbpedia.org/resource/Hefei|city
377|Changle|http://dbpedia.org/resource/Changle|city
378|Luoyang|http://dbpedia.org/resource/Luoyang|city
379|Beipiao|http://dbpedia.org/resource/Beipiao|city
380|Dezhou|http://dbpedia.org/resource/Dezhou|city
381|Chongzuo|http://dbpedia.org/resource/Chongzuo|city
382|Baoji|http://dbpedia.org/resource/Baoji|city
383|Chenzhou|http://dbpedia.org/resource/Chenzhou|city
384|Pudong|http://dbpedia.org/resource/Pudong|city
385|Shijiazhuang|http://dbpedia.org/resource/Shijiazhuang|city
386|Hangzhou|http://dbpedia.org/resource/Hangzhou|city
387|Fuzhou|http://dbpedia.org/resource/Fuzhou|city
388|Changzhou|http://dbpedia.org/resource/Changzhou|city
389|Taiyuan|http://dbpedia.org/resource/Taiyuan|city
390|Foshan|http://dbpedia.org/resource/Foshan|city
391|Ankang|http://dbpedia.org/resource/Ankang|city
392|Gejiu|http://dbpedia.org/resource/Gejiu|city
393|Dongyang|http://dbpedia.org/resource/Dongyang|city
394|Anning|http://dbpedia.org/resource/Anning|city
395|Dexing|http://dbpedia.org/resource/Dexing|city
396|Zhuhai|http://dbpedia.org/resource/Zhuhai|city
397|Gaomi|http://dbpedia.org/resource/Gaomi|city
398|Ürümqi|http://dbpedia.org/resource/Ürümqi|city
399|Beiliu|http://dbpedia.org/resource/Beiliu|city
400|Fuquan|http://dbpedia.org/resource/Fuquan|city
401|Chaozhou|http://dbpedia.org/resource/Chaozhou|city
402|Conghua|http://dbpedia.org/resource/Conghua|city
403|Dangyang|http://dbpedia.org/resource/Dangyang|city
404|Fukang|http://dbpedia.org/resource/Fukang|city
405|Chaoyang|http://dbpedia.org/resource/Chaoyang|city
406|Fuxin|http://dbpedia.org/resource/Fuxin|city
407|Changyi|http://dbpedia.org/resource/Changyi|city
408|Chongzhou|http://dbpedia.org/resource/Chongzhou|city
409|Enping|http://dbpedia.org/resource/Enping|city
410|Dehui|http://dbpedia.org/resource/Dehui|city
411|Quanzhou|http://dbpedia.org/resource/Quanzhou|city
412|Emeishan|http://dbpedia.org/resource/Emeishan|city
413|Anqiu|http://dbpedia.org/resource/Anqiu|city
414|Beitun|http://dbpedia.org/resource/Beitun|city
415|Changning|http://dbpedia.org/resource/Changning|city
416|Gaizhou|http://dbpedia.org/resource/Gaizhou|city
417|Dongguan|http://dbpedia.org/resource/Dongguan|city
418|Lanzhou|http://dbpedia.org/resource/Lanzhou|city
419|Beibei_District|http://dbpedia.org/resource/Beibei_District|city
420|Shantou|http://dbpedia.org/resource/Shantou|city
421|Dazhou|http://dbpedia.org/resource/Dazhou|city
422|Feicheng|http://dbpedia.org/resource/Feicheng|city
423|Yantai|http://dbpedia.org/resource/Yantai|city
424|Gaoyao|http://dbpedia.org/resource/Gaoyao|city
425|Dali|http://dbpedia.org/resource/Dali|city
426|Kunming|http://dbpedia.org/resource/Kunming|city
427|Fu'an|http://dbpedia.org/resource/Fu'an|city
428|Brooklyn|http://dbpedia.org/resource/Brooklyn|city
429|Botou|http://dbpedia.org/resource/Botou|city
430|Danzhou|http://dbpedia.org/resource/Danzhou|city
431|Bozhou|http://dbpedia.org/resource/Bozhou|city
432|Danjiangkou|http://dbpedia.org/resource/Danjiangkou|city
433|Nanchang|http://dbpedia.org/resource/Nanchang|city
434|Baishan|http://dbpedia.org/resource/Baishan|city
435|Gaozhou|http://dbpedia.org/resource/Gaozhou|city
436|Anda|http://dbpedia.org/resource/Anda|city
437|Arxan|http://dbpedia.org/resource/Arxan|city
438|Changge|http://dbpedia.org/resource/Changge|city
439|Changshu|http://dbpedia.org/resource/Changshu|city
440|Nan'an_District|http://dbpedia.org/resource/Nan'an_District|city
441|Nanchong|http://dbpedia.org/resource/Nanchong|city
442|Putian|http://dbpedia.org/resource/Putian|city
443|Dafeng|http://dbpedia.org/resource/Dafeng|city
444|Dongfang|http://dbpedia.org/resource/Dongfang|city
445|Chizhou|http://dbpedia.org/resource/Chizhou|city
446|Beijing|http://dbpedia.org/resource/Beijing|city
447|Haidian_District|http://dbpedia.org/resource/Haidian_District|city
448|Cixi|http://dbpedia.org/resource/Cixi|city
449|Xiangtan|http://dbpedia.org/resource/Xiangtan|city
450|Dongying|http://dbpedia.org/resource/Dongying|city
451|Fenyang|http://dbpedia.org/resource/Fenyang|city
452|Hengyang|http://dbpedia.org/resource/Hengyang|city
453|Anlu|http://dbpedia.org/resource/Anlu|city
454|Shihezi|http://dbpedia.org/resource/Shihezi|city
455|Golmud|http://dbpedia.org/resource/Golmud|city
456|Fuyu|http://dbpedia.org/resource/Fuyu|city
457|Gaobeidian|http://dbpedia.org/resource/Gaobeidian|city
458|Tianjin|http://dbpedia.org/resource/Tianjin|city
459|Shanghai|http://dbpedia.org/resource/Shanghai|city
460|Beizhen|http://dbpedia.org/resource/Beizhen|city
461|Cangzhou|http://dbpedia.org/resource/Cangzhou|city
462|Fuzhou,|http://dbpedia.org/resource/Fuzhou,|city
463|Fengcheng,|http://dbpedia.org/resource/Fengcheng,|city
464|Chibi|http://dbpedia.org/resource/Chibi|city
465|Fengzhen|http://dbpedia.org/resource/Fengzhen|city
466|Chuxiong|http://dbpedia.org/resource/Chuxiong|city
467|Qiqihar|http://dbpedia.org/resource/Qiqihar|city
468|Alashankou|http://dbpedia.org/resource/Alashankou|city
469|Huainan|http://dbpedia.org/resource/Huainan|city
470|Ma'anshan|http://dbpedia.org/resource/Ma'anshan|city
471|Changchun|http://dbpedia.org/resource/Changchun|city
472|Wuhan|http://dbpedia.org/resource/Wuhan|city
473|Gaoyou|http://dbpedia.org/resource/Gaoyou|city
474|Yinchuan|http://dbpedia.org/resource/Yinchuan|city
475|Fushun|http://dbpedia.org/resource/Fushun|city
476|Dongxing|http://dbpedia.org/resource/Dongxing|city
477|Chifeng|http://dbpedia.org/resource/Chifeng|city
478|Qingdao|http://dbpedia.org/resource/Qingdao|city
479|Chongqing|http://dbpedia.org/resource/Chongqing|city
480|Fuding|http://dbpedia.org/resource/Fuding|city
481|Dengzhou|http://dbpedia.org/resource/Dengzhou|city
482|Gongyi|http://dbpedia.org/resource/Gongyi|city
483|Dengfeng|http://dbpedia.org/resource/Dengfeng|city
484|Daqing|http://dbpedia.org/resource/Daqing|city
485|Changsha|http://dbpedia.org/resource/Changsha|city
486|Anqing|http://dbpedia.org/resource/Anqing|city
487|Bazhou|http://dbpedia.org/resource/Bazhou|city
488|Dingzhou|http://dbpedia.org/resource/Dingzhou|city
489|Suzhou|http://dbpedia.org/resource/Suzhou|city
490|Fuling_District|http://dbpedia.org/resource/Fuling_District|city
491|Anyang|http://dbpedia.org/resource/Anyang|city
492|Dalian|http://dbpedia.org/resource/Dalian|city
493|Enshi|http://dbpedia.org/resource/Enshi|city
494|Chengdu|http://dbpedia.org/resource/Chengdu|city
495|Binzhou|http://dbpedia.org/resource/Binzhou|city
496|Fuyang,|http://dbpedia.org/resource/Fuyang,|city
497|Jinan|http://dbpedia.org/resource/Jinan|city
498|Nanjing|http://dbpedia.org/resource/Nanjing|city
499|Bengbu|http://dbpedia.org/resource/Bengbu|city
500|Ganzhou|http://dbpedia.org/resource/Ganzhou|city
501|Chengde|http://dbpedia.org/resource/Chengde|city
502|Kowloon|http://dbpedia.org/resource/Kowloon|city
503|Fenghua|http://dbpedia.org/resource/Fenghua|city
504|Gao'an|http://dbpedia.org/resource/Gao'an|city
505|Artux|http://dbpedia.org/resource/Artux|city
506|Dashiqiao|http://dbpedia.org/resource/Dashiqiao|city
507|Shanxi|http://dbpedia.org/resource/Shanxi|city
508|Luanda|http://dbpedia.org/resource/Luanda|city
509|Vienna|http://dbpedia.org/resource/Vienna|city
510|Baku|http://dbpedia.org/resource/Baku|city
511|Carmen_Pampa|http://dbpedia.org/resource/Carmen_Pampa|city
512|Sarajevo|http://dbpedia.org/resource/Sarajevo|city
513|Sofia|http://dbpedia.org/resource/Sofia|city
514|ChadCity|http://dbpedia.org/resource/ChadCity|city
515|Zagreb|http://dbpedia.org/resource/Zagreb|city
516|Copenhagen|http://dbpedia.org/resource/Copenhagen|city
517|Santo_Domingo|http://dbpedia.org/resource/Santo_Domingo|city
518|San_Salvador|http://dbpedia.org/resource/San_Salvador|city
519|Tallinn|http://dbpedia.org/resource/Tallinn|city
520|Helsinki|http://dbpedia.org/resource/Helsinki|city
521|Tegucigalpa|http://dbpedia.org/resource/Tegucigalpa|city
522|Ma_Liu_Shui|http://dbpedia.org/resource/Ma_Liu_Shui|city
523|Jerusalem|http://dbpedia.org/resource/Jerusalem|city
524|Amman|http://dbpedia.org/resource/Amman|city
525|Vientiane|http://dbpedia.org/resource/Vientiane|city
526|Riga|http://dbpedia.org/resource/Riga|city
527|Monrovia|http://dbpedia.org/resource/Monrovia|city
528|Benghazi|http://dbpedia.org/resource/Benghazi|city
529|Vilnius|http://dbpedia.org/resource/Vilnius|city
530|San_Gwann|http://dbpedia.org/resource/San_Gwann|city
531|Nouakchott|http://dbpedia.org/resource/Nouakchott|city
532|Moka|http://dbpedia.org/resource/Moka|city
533|Ulan_Bator|http://dbpedia.org/resource/Ulan_Bator|city
534|Windhoek|http://dbpedia.org/resource/Windhoek|city
535|Auckland|http://dbpedia.org/resource/Auckland|city
536|Managua|http://dbpedia.org/resource/Managua|city
537|Belfast|http://dbpedia.org/resource/Belfast|city
538|Oslo|http://dbpedia.org/resource/Oslo|city
539|Muscat|http://dbpedia.org/resource/Muscat|city
540|Panama_City|http://dbpedia.org/resource/Panama_City|city
541|Port_Moresby|http://dbpedia.org/resource/Port_Moresby|city
542|Ponce|http://dbpedia.org/resource/Ponce|city
543|Dublin|http://dbpedia.org/resource/Dublin|city
544|Skopje|http://dbpedia.org/resource/Skopje|city
545|Butare|http://dbpedia.org/resource/Butare|city
546|Glasgow|http://dbpedia.org/resource/Glasgow|city
547|SingaporeCity|http://dbpedia.org/resource/SingaporeCity|city
548|Bratislava|http://dbpedia.org/resource/Bratislava|city
549|Ljubljana|http://dbpedia.org/resource/Ljubljana|city
550|Kwaluseni|http://dbpedia.org/resource/Kwaluseni|city
551|Geneva|http://dbpedia.org/resource/Geneva|city
552|Dushanbe|http://dbpedia.org/resource/Dushanbe|city
553|Montevideo|http://dbpedia.org/resource/Montevideo|city
554|Swansea|http://dbpedia.org/resource/Swansea|city
555|Guanhães|http://dbpedia.org/resource/Guanhães|city
556|Santos|http://dbpedia.org/resource/Santos|city
557|São_Luís|http://dbpedia.org/resource/São_Luís|city
558|Novo_Hamburgo|http://dbpedia.org/resource/Novo_Hamburgo|city
559|Rio_de_Janeiro|http://dbpedia.org/resource/Rio_de_Janeiro|city
560|Petrópolis|http://dbpedia.org/resource/Petrópolis|city
561|Passos|http://dbpedia.org/resource/Passos|city
562|Curitiba|http://dbpedia.org/resource/Curitiba|city
563|Poços_de_Caldas|http://dbpedia.org/resource/Poços_de_Caldas|city
564|Santa_Maria|http://dbpedia.org/resource/Santa_Maria|city
565|Goiânia|http://dbpedia.org/resource/Goiânia|city
566|Londrina|http://dbpedia.org/resource/Londrina|city
567|Diamantina|http://dbpedia.org/resource/Diamantina|city
568|Feira_de_Santana|http://dbpedia.org/resource/Feira_de_Santana|city
569|João_Monlevade|http://dbpedia.org/resource/João_Monlevade|city
570|Barbacena|http://dbpedia.org/resource/Barbacena|city
571|Manaus|http://dbpedia.org/resource/Manaus|city
572|Campinas|http://dbpedia.org/resource/Campinas|city
573|São_Carlos|http://dbpedia.org/resource/São_Carlos|city
574|Carangola|http://dbpedia.org/resource/Carangola|city
575|Bagé|http://dbpedia.org/resource/Bagé|city
576|Lorena|http://dbpedia.org/resource/Lorena|city
577|Campos_dos_Goytacazes|http://dbpedia.org/resource/Campos_dos_Goytacazes|city
578|Salvador|http://dbpedia.org/resource/Salvador|city
579|Ribeirão_Preto|http://dbpedia.org/resource/Ribeirão_Preto|city
580|Lavras|http://dbpedia.org/resource/Lavras|city
581|Criciúma|http://dbpedia.org/resource/Criciúma|city
582|São_Paulo|http://dbpedia.org/resource/São_Paulo|city
583|Recife|http://dbpedia.org/resource/Recife|city
584|Porto_Alegre|http://dbpedia.org/resource/Porto_Alegre|city
585|Uberlândia|http://dbpedia.org/resource/Uberlândia|city
586|Belo_Horizonte|http://dbpedia.org/resource/Belo_Horizonte|city
587|Serro|http://dbpedia.org/resource/Serro|city
588|Brasília|http://dbpedia.org/resource/Brasília|city
589|Itajubá|http://dbpedia.org/resource/Itajubá|city
590|Lagoa_da_Prata|http://dbpedia.org/resource/Lagoa_da_Prata|city
591|Campo_Grande|http://dbpedia.org/resource/Campo_Grande|city
592|Niterói|http://dbpedia.org/resource/Niterói|city
593|Pelotas|http://dbpedia.org/resource/Pelotas|city
594|Contagem|http://dbpedia.org/resource/Contagem|city
595|Wernigerode|http://dbpedia.org/resource/Wernigerode|city
596|Greifswald|http://dbpedia.org/resource/Greifswald|city
597|Darmstadt|http://dbpedia.org/resource/Darmstadt|city
598|Friedberg|http://dbpedia.org/resource/Friedberg|city
599|Wedel|http://dbpedia.org/resource/Wedel|city
600|Möckern|http://dbpedia.org/resource/Möckern|city
601|Ingolstadt|http://dbpedia.org/resource/Ingolstadt|city
602|Heidelberg|http://dbpedia.org/resource/Heidelberg|city
603|Speyer|http://dbpedia.org/resource/Speyer|city
604|Lörrach|http://dbpedia.org/resource/Lörrach|city
605|Ludwigsburg|http://dbpedia.org/resource/Ludwigsburg|city
606|Fulda|http://dbpedia.org/resource/Fulda|city
607|Augsburg|http://dbpedia.org/resource/Augsburg|city
608|Berlin|http://dbpedia.org/resource/Berlin|city
609|Munich|http://dbpedia.org/resource/Munich|city
610|Kempten|http://dbpedia.org/resource/Kempten|city
611|Koblenz|http://dbpedia.org/resource/Koblenz|city
612|Trier|http://dbpedia.org/resource/Trier|city
613|Othmarschen|http://dbpedia.org/resource/Othmarschen|city
614|Freiburg_im_Breisgau|http://dbpedia.org/resource/Freiburg_im_Breisgau|city
615|Hamburg|http://dbpedia.org/resource/Hamburg|city
616|Hanover|http://dbpedia.org/resource/Hanover|city
617|Nuremberg|http://dbpedia.org/resource/Nuremberg|city
618|Reutlingen|http://dbpedia.org/resource/Reutlingen|city
619|Ilmenau|http://dbpedia.org/resource/Ilmenau|city
620|Stuttgart|http://dbpedia.org/resource/Stuttgart|city
621|Aachen|http://dbpedia.org/resource/Aachen|city
622|Frankfurt|http://dbpedia.org/resource/Frankfurt|city
623|Flensburg|http://dbpedia.org/resource/Flensburg|city
624|Mannheim|http://dbpedia.org/resource/Mannheim|city
625|Mainz|http://dbpedia.org/resource/Mainz|city
626|Iserlohn|http://dbpedia.org/resource/Iserlohn|city
627|Leipzig|http://dbpedia.org/resource/Leipzig|city
628|Cologne|http://dbpedia.org/resource/Cologne|city
629|Heilbronn|http://dbpedia.org/resource/Heilbronn|city
630|Konstanz|http://dbpedia.org/resource/Konstanz|city
631|Wiesbaden|http://dbpedia.org/resource/Wiesbaden|city
632|Lübeck|http://dbpedia.org/resource/Lübeck|city
633|Kassel|http://dbpedia.org/resource/Kassel|city
634|Weimar|http://dbpedia.org/resource/Weimar|city
635|Gorontalo|http://dbpedia.org/resource/Gorontalo|city
636|West_Java|http://dbpedia.org/resource/West_Java|city
637|Surabaya|http://dbpedia.org/resource/Surabaya|city
638|Depok|http://dbpedia.org/resource/Depok|city
639|Bandar_Lampung|http://dbpedia.org/resource/Bandar_Lampung|city
640|Tangerang|http://dbpedia.org/resource/Tangerang|city
641|Surakarta|http://dbpedia.org/resource/Surakarta|city
642|Makassar|http://dbpedia.org/resource/Makassar|city
643|Yogyakarta|http://dbpedia.org/resource/Yogyakarta|city
644|Bangkalan|http://dbpedia.org/resource/Bangkalan|city
645|Ciputat|http://dbpedia.org/resource/Ciputat|city
646|Manokwari_Regency|http://dbpedia.org/resource/Manokwari_Regency|city
647|Purwokerto|http://dbpedia.org/resource/Purwokerto|city
648|Samarinda|http://dbpedia.org/resource/Samarinda|city
649|Serang|http://dbpedia.org/resource/Serang|city
650|Bali|http://dbpedia.org/resource/Bali|city
651|Padang|http://dbpedia.org/resource/Padang|city
652|Semarang|http://dbpedia.org/resource/Semarang|city
653|Manado|http://dbpedia.org/resource/Manado|city
654|Central_Jakarta|http://dbpedia.org/resource/Central_Jakarta|city
655|Medan|http://dbpedia.org/resource/Medan|city
656|Bengkulu|http://dbpedia.org/resource/Bengkulu|city
657|Manokwari|http://dbpedia.org/resource/Manokwari|city
658|Jakarta|http://dbpedia.org/resource/Jakarta|city
659|Tarakan|http://dbpedia.org/resource/Tarakan|city
660|Bandung|http://dbpedia.org/resource/Bandung|city
661|Banda_Aceh|http://dbpedia.org/resource/Banda_Aceh|city
662|Banjarmasin|http://dbpedia.org/resource/Banjarmasin|city
663|Jambi_City|http://dbpedia.org/resource/Jambi_City|city
664|Pontianak|http://dbpedia.org/resource/Pontianak|city
665|Mataram|http://dbpedia.org/resource/Mataram|city
666|Jimbaran|http://dbpedia.org/resource/Jimbaran|city
667|Ambon|http://dbpedia.org/resource/Ambon|city
668|Badung_Regency|http://dbpedia.org/resource/Badung_Regency|city
669|Kupang|http://dbpedia.org/resource/Kupang|city
670|Magelang|http://dbpedia.org/resource/Magelang|city
671|West_Papua|http://dbpedia.org/resource/West_Papua|city
672|South_Tangerang|http://dbpedia.org/resource/South_Tangerang|city
673|Tegal_Regency|http://dbpedia.org/resource/Tegal_Regency|city
674|Nagoya|http://dbpedia.org/resource/Nagoya|city
675|Yokosuka|http://dbpedia.org/resource/Yokosuka|city
676|Chiba|http://dbpedia.org/resource/Chiba|city
677|Chiyoda|http://dbpedia.org/resource/Chiyoda|city
678|Shibuya|http://dbpedia.org/resource/Shibuya|city
679|Nara|http://dbpedia.org/resource/Nara|city
680|Hachiōji|http://dbpedia.org/resource/Hachiōji|city
681|Sagamihara|http://dbpedia.org/resource/Sagamihara|city
682|Ichikawa|http://dbpedia.org/resource/Ichikawa|city
683|Kyoto|http://dbpedia.org/resource/Kyoto|city
684|Gifu|http://dbpedia.org/resource/Gifu|city
685|Toyoake|http://dbpedia.org/resource/Toyoake|city
686|Fujisawa|http://dbpedia.org/resource/Fujisawa|city
687|Okazaki|http://dbpedia.org/resource/Okazaki|city
688|Hirosaki|http://dbpedia.org/resource/Hirosaki|city
689|Nagakute|http://dbpedia.org/resource/Nagakute|city
690|Akita_City|http://dbpedia.org/resource/Akita_City|city
691|Nagasaki|http://dbpedia.org/resource/Nagasaki|city
692|Shimonoseki|http://dbpedia.org/resource/Shimonoseki|city
693|Aomori|http://dbpedia.org/resource/Aomori|city
694|Tokyo|http://dbpedia.org/resource/Tokyo|city
695|Toyohashi|http://dbpedia.org/resource/Toyohashi|city
696|Toyota|http://dbpedia.org/resource/Toyota|city
697|Owariasahi|http://dbpedia.org/resource/Owariasahi|city
698|Bunkyo|http://dbpedia.org/resource/Bunkyo|city
699|Hamamatsu|http://dbpedia.org/resource/Hamamatsu|city
700|Nisshin|http://dbpedia.org/resource/Nisshin|city
701|Niigata|http://dbpedia.org/resource/Niigata|city
702|Machida|http://dbpedia.org/resource/Machida|city
703|Osaka|http://dbpedia.org/resource/Osaka|city
704|Aichi_Prefecture|http://dbpedia.org/resource/Aichi_Prefecture|city
705|Sapporo|http://dbpedia.org/resource/Sapporo|city
706|Setagaya|http://dbpedia.org/resource/Setagaya|city
707|Hachinohe|http://dbpedia.org/resource/Hachinohe|city
708|Yokohama|http://dbpedia.org/resource/Yokohama|city
709|Atsugi|http://dbpedia.org/resource/Atsugi|city
710|Kobe|http://dbpedia.org/resource/Kobe|city
711|Kagoshima|http://dbpedia.org/resource/Kagoshima|city
712|Tokushima|http://dbpedia.org/resource/Tokushima|city
713|Chikusa-ku|http://dbpedia.org/resource/Chikusa-ku|city
714|Monterrey|http://dbpedia.org/resource/Monterrey|city
715|Mexicali|http://dbpedia.org/resource/Mexicali|city
716|Chihuahua|http://dbpedia.org/resource/Chihuahua|city
717|Zacapoaxtla|http://dbpedia.org/resource/Zacapoaxtla|city
718|Culiacán|http://dbpedia.org/resource/Culiacán|city
719|San_Nicolás_de_los_Garza|http://dbpedia.org/resource/San_Nicolás_de_los_Garza|city
720|Guadalajara|http://dbpedia.org/resource/Guadalajara|city
721|Villahermosa|http://dbpedia.org/resource/Villahermosa|city
722|Antón_Lizardo|http://dbpedia.org/resource/Antón_Lizardo|city
723|Ciudad_Obregón|http://dbpedia.org/resource/Ciudad_Obregón|city
724|Tlalpan|http://dbpedia.org/resource/Tlalpan|city
725|Saltillo|http://dbpedia.org/resource/Saltillo|city
726|San_Pedro_Garza_García|http://dbpedia.org/resource/San_Pedro_Garza_García|city
727|Montemorelos|http://dbpedia.org/resource/Montemorelos|city
728|Pedro_Escobedo|http://dbpedia.org/resource/Pedro_Escobedo|city
729|Ensenada|http://dbpedia.org/resource/Ensenada|city
730|Mexico_City|http://dbpedia.org/resource/Mexico_City|city
731|Querétaro|http://dbpedia.org/resource/Querétaro|city
732|Puebla|http://dbpedia.org/resource/Puebla|city
733|Toluca|http://dbpedia.org/resource/Toluca|city
734|Oaxaca|http://dbpedia.org/resource/Oaxaca|city
735|Jiquilpan|http://dbpedia.org/resource/Jiquilpan|city
736|Irapuato|http://dbpedia.org/resource/Irapuato|city
737|Tlatelolco|http://dbpedia.org/resource/Tlatelolco|city
738|Ixtlán_de_Juárez|http://dbpedia.org/resource/Ixtlán_de_Juárez|city
739|Altamira|http://dbpedia.org/resource/Altamira|city
740|Mérida|http://dbpedia.org/resource/Mérida|city
741|Tijuana|http://dbpedia.org/resource/Tijuana|city
742|Santa_Catarina|http://dbpedia.org/resource/Santa_Catarina|city
743|Colima|http://dbpedia.org/resource/Colima|city
744|Campeche|http://dbpedia.org/resource/Campeche|city
745|San_Luis_Potosí|http://dbpedia.org/resource/San_Luis_Potosí|city
746|Cancún|http://dbpedia.org/resource/Cancún|city
747|Coyoacán|http://dbpedia.org/resource/Coyoacán|city
748|Tepic|http://dbpedia.org/resource/Tepic|city
749|Hermosillo|http://dbpedia.org/resource/Hermosillo|city
750|Chapingo|http://dbpedia.org/resource/Chapingo|city
751|Morelia|http://dbpedia.org/resource/Morelia|city
752|Nuevo_Laredo|http://dbpedia.org/resource/Nuevo_Laredo|city
753|Sukkur|http://dbpedia.org/resource/Sukkur|city
754|Khuzdar|http://dbpedia.org/resource/Khuzdar|city
755|Larkana_District|http://dbpedia.org/resource/Larkana_District|city
756|Jhang|http://dbpedia.org/resource/Jhang|city
757|Nawabshah|http://dbpedia.org/resource/Nawabshah|city
758|Swat|http://dbpedia.org/resource/Swat|city
759|http://maps.google.com/maps?ll=25.530889,69.017306&spn=0.01,0.01&t=m&q=25.530889,69.017306|http://dbpedia.org/resource/http://maps.google.com/maps?ll=25.530889,69.017306&spn=0.01,0.01&t=m&q=25.530889,69.017306|city
760|Sialkot|http://dbpedia.org/resource/Sialkot|city
761|Ahmedpur_Sial|http://dbpedia.org/resource/Ahmedpur_Sial|city
762|Lahore|http://dbpedia.org/resource/Lahore|city
763|Kahuta|http://dbpedia.org/resource/Kahuta|city
764|Shorkot|http://dbpedia.org/resource/Shorkot|city
765|Mirpur|http://dbpedia.org/resource/Mirpur|city
766|Swabi|http://dbpedia.org/resource/Swabi|city
767|Taxila|http://dbpedia.org/resource/Taxila|city
768|Kharian|http://dbpedia.org/resource/Kharian|city
769|Quetta|http://dbpedia.org/resource/Quetta|city
770|Faisalabad|http://dbpedia.org/resource/Faisalabad|city
771|Topi|http://dbpedia.org/resource/Topi|city
772|Karachi|http://dbpedia.org/resource/Karachi|city
773|Tando_Jam|http://dbpedia.org/resource/Tando_Jam|city
774|Surat,India|http://dbpedia.org/resource/Surat,India|city
775|New_Muslim_Town|http://dbpedia.org/resource/New_Muslim_Town|city
776|Multan|http://dbpedia.org/resource/Multan|city
777|Islamabad|http://dbpedia.org/resource/Islamabad|city
778|Risalpur|http://dbpedia.org/resource/Risalpur|city
779|Islamabad/Rawalpindi,Lahore|http://dbpedia.org/resource/Islamabad/Rawalpindi,Lahore|city
780|Major_Cities|http://dbpedia.org/resource/Major_Cities|city
781|Bahria_Town|http://dbpedia.org/resource/Bahria_Town|city
782|Peshawar|http://dbpedia.org/resource/Peshawar|city
783|Dera_Ismail_Khan|http://dbpedia.org/resource/Dera_Ismail_Khan|city
784|Abbottabad|http://dbpedia.org/resource/Abbottabad|city
785|Jamshoro|http://dbpedia.org/resource/Jamshoro|city
786|Rawalpindi|http://dbpedia.org/resource/Rawalpindi|city
787|Wah_Cantonment|http://dbpedia.org/resource/Wah_Cantonment|city
788|Khyber_Pakhtunkhwa|http://dbpedia.org/resource/Khyber_Pakhtunkhwa|city
789|Sahiwal_Division|http://dbpedia.org/resource/Sahiwal_Division|city
790|Nilore|http://dbpedia.org/resource/Nilore|city
791|Rahim_Yar_Khan|http://dbpedia.org/resource/Rahim_Yar_Khan|city
792|Khairpur|http://dbpedia.org/resource/Khairpur|city
793|Iloilo_City|http://dbpedia.org/resource/Iloilo_City|city
794|Cabuyao|http://dbpedia.org/resource/Cabuyao|city
795|Kalibo|http://dbpedia.org/resource/Kalibo|city
796|Davao_City|http://dbpedia.org/resource/Davao_City|city
797|Iligan|http://dbpedia.org/resource/Iligan|city
798|Mandaluyong|http://dbpedia.org/resource/Mandaluyong|city
799|Tuguegarao|http://dbpedia.org/resource/Tuguegarao|city
800|Manila|http://dbpedia.org/resource/Manila|city
801|Cebu_City|http://dbpedia.org/resource/Cebu_City|city
802|Roxas|http://dbpedia.org/resource/Roxas|city
803|Pasay|http://dbpedia.org/resource/Pasay|city
804|Laoag|http://dbpedia.org/resource/Laoag|city
805|Legazpi|http://dbpedia.org/resource/Legazpi|city
806|Ermita|http://dbpedia.org/resource/Ermita|city
807|Dumaguete|http://dbpedia.org/resource/Dumaguete|city
808|Bacolod|http://dbpedia.org/resource/Bacolod|city
809|Los_Baños|http://dbpedia.org/resource/Los_Baños|city
810|Silang|http://dbpedia.org/resource/Silang|city
811|Taguig|http://dbpedia.org/resource/Taguig|city
812|Biñan|http://dbpedia.org/resource/Biñan|city
813|Lipa|http://dbpedia.org/resource/Lipa|city
814|Zamboanga_City|http://dbpedia.org/resource/Zamboanga_City|city
815|Intramuros|http://dbpedia.org/resource/Intramuros|city
816|Malate|http://dbpedia.org/resource/Malate|city
817|Dagupan|http://dbpedia.org/resource/Dagupan|city
818|Angeles|http://dbpedia.org/resource/Angeles|city
819|Makati|http://dbpedia.org/resource/Makati|city
820|Tacloban|http://dbpedia.org/resource/Tacloban|city
821|Cagayan_de_Oro|http://dbpedia.org/resource/Cagayan_de_Oro|city
822|Cavite_City|http://dbpedia.org/resource/Cavite_City|city
823|Quezon_City|http://dbpedia.org/resource/Quezon_City|city
824|Sampaloc|http://dbpedia.org/resource/Sampaloc|city
825|Bislig|http://dbpedia.org/resource/Bislig|city
826|Tagbilaran|http://dbpedia.org/resource/Tagbilaran|city
827|Santa_Rosa|http://dbpedia.org/resource/Santa_Rosa|city
828|San_Miguel|http://dbpedia.org/resource/San_Miguel|city
829|Cabanatuan|http://dbpedia.org/resource/Cabanatuan|city
830|Malolos|http://dbpedia.org/resource/Malolos|city
831|Naga|http://dbpedia.org/resource/Naga|city
832|Tula|http://dbpedia.org/resource/Tula|city
833|Rostov|http://dbpedia.org/resource/Rostov|city
834|Vladivostok|http://dbpedia.org/resource/Vladivostok|city
835|Zhukovsky|http://dbpedia.org/resource/Zhukovsky|city
836|Yekaterinburg|http://dbpedia.org/resource/Yekaterinburg|city
837|Perm|http://dbpedia.org/resource/Perm|city
838|Yaroslavl|http://dbpedia.org/resource/Yaroslavl|city
839|Krasnodar|http://dbpedia.org/resource/Krasnodar|city
840|Biysk|http://dbpedia.org/resource/Biysk|city
841|Barnaul|http://dbpedia.org/resource/Barnaul|city
842|Kursk|http://dbpedia.org/resource/Kursk|city
843|Saransk|http://dbpedia.org/resource/Saransk|city
844|Saint_Petersburg|http://dbpedia.org/resource/Saint_Petersburg|city
845|Moscow|http://dbpedia.org/resource/Moscow|city
846|Kemerovo_Oblast|http://dbpedia.org/resource/Kemerovo_Oblast|city
847|Omsk|http://dbpedia.org/resource/Omsk|city
848|Bishkek|http://dbpedia.org/resource/Bishkek|city
849|Magnitogorsk|http://dbpedia.org/resource/Magnitogorsk|city
850|Murmansk|http://dbpedia.org/resource/Murmansk|city
851|Tomsk|http://dbpedia.org/resource/Tomsk|city
852|Monino|http://dbpedia.org/resource/Monino|city
853|Kazan|http://dbpedia.org/resource/Kazan|city
854|Ulyanovsk|http://dbpedia.org/resource/Ulyanovsk|city
855|Ivanovo_Oblast|http://dbpedia.org/resource/Ivanovo_Oblast|city
856|Vologda|http://dbpedia.org/resource/Vologda|city
857|Pereslavl-Zalessky|http://dbpedia.org/resource/Pereslavl-Zalessky|city
858|Krasnoyarsk|http://dbpedia.org/resource/Krasnoyarsk|city
859|Voronezh|http://dbpedia.org/resource/Voronezh|city
860|Ulan-Ude|http://dbpedia.org/resource/Ulan-Ude|city
861|Chita|http://dbpedia.org/resource/Chita|city
862|Skolkovo|http://dbpedia.org/resource/Skolkovo|city
863|Saratov|http://dbpedia.org/resource/Saratov|city
864|Izhevsk|http://dbpedia.org/resource/Izhevsk|city
865|Moscow_International_Business_Center|http://dbpedia.org/resource/Moscow_International_Business_Center|city
866|Belgorod|http://dbpedia.org/resource/Belgorod|city
867|Ufa|http://dbpedia.org/resource/Ufa|city
868|Volgograd|http://dbpedia.org/resource/Volgograd|city
869|Zaoksky|http://dbpedia.org/resource/Zaoksky|city
870|Gorno-Altaysk|http://dbpedia.org/resource/Gorno-Altaysk|city
871|Irkutsk|http://dbpedia.org/resource/Irkutsk|city
872|New_Haven|http://dbpedia.org/resource/New_Haven|city
873|Nashville|http://dbpedia.org/resource/Nashville|city
874|San_Francisco|http://dbpedia.org/resource/San_Francisco|city
875|Chicago|http://dbpedia.org/resource/Chicago|city
876|Lubbock|http://dbpedia.org/resource/Lubbock|city
877|New_York_City|http://dbpedia.org/resource/New_York_City|city
878|Gainesville|http://dbpedia.org/resource/Gainesville|city
879|Philadelphia|http://dbpedia.org/resource/Philadelphia|city
880|Richmond|http://dbpedia.org/resource/Richmond|city
881|New_York|http://dbpedia.org/resource/New_York|city
882|Columbus|http://dbpedia.org/resource/Columbus|city
883|Indianapolis|http://dbpedia.org/resource/Indianapolis|city
884|Columbia|http://dbpedia.org/resource/Columbia|city
885|Phoenix|http://dbpedia.org/resource/Phoenix|city
886|Notre_Damena|http://dbpedia.org/resource/Notre_Damena|city
887|Pittsburgh|http://dbpedia.org/resource/Pittsburgh|city
888|Los_Angeles|http://dbpedia.org/resource/Los_Angeles|city
889|Ann_Arbor|http://dbpedia.org/resource/Ann_Arbor|city
890|San_Diego|http://dbpedia.org/resource/San_Diego|city
891|Berkeley|http://dbpedia.org/resource/Berkeley|city
892|Atlanta|http://dbpedia.org/resource/Atlanta|city
893|Jacksonville|http://dbpedia.org/resource/Jacksonville|city
894|Orlando|http://dbpedia.org/resource/Orlando|city
895|San_Antonio|http://dbpedia.org/resource/San_Antonio|city
896|Milwaukee|http://dbpedia.org/resource/Milwaukee|city
897|Cincinnati|http://dbpedia.org/resource/Cincinnati|city
898|Fayetteville|http://dbpedia.org/resource/Fayetteville|city
899|Austin|http://dbpedia.org/resource/Austin|city
900|Baltimore|http://dbpedia.org/resource/Baltimore|city
901|Houston|http://dbpedia.org/resource/Houston|city
902|Cambridge|http://dbpedia.org/resource/Cambridge|city
903|Tallahassee|http://dbpedia.org/resource/Tallahassee|city
904|Boston|http://dbpedia.org/resource/Boston|city
905|Washington|http://dbpedia.org/resource/Washington|city
906|Minneapolis|http://dbpedia.org/resource/Minneapolis|city
907|New_Orleans|http://dbpedia.org/resource/New_Orleans|city
908|Cleveland|http://dbpedia.org/resource/Cleveland|city
909|St._Louis|http://dbpedia.org/resource/St._Louis|city
910|Portland|http://dbpedia.org/resource/Portland|city
911|Ithaca|http://dbpedia.org/resource/Ithaca|city
912|Tuyên_Quang|http://dbpedia.org/resource/Tuyên_Quang|city
913|Quảng_Ngãi|http://dbpedia.org/resource/Quảng_Ngãi|city
914|Quy_Nhơn|http://dbpedia.org/resource/Quy_Nhơn|city
915|Thái_Nguyên|http://dbpedia.org/resource/Thái_Nguyên|city
916|Hanoi|http://dbpedia.org/resource/Hanoi|city
917|Nha_Trang|http://dbpedia.org/resource/Nha_Trang|city
918|Đông_Hà|http://dbpedia.org/resource/Đông_Hà|city
919|Đồng_Hới|http://dbpedia.org/resource/Đồng_Hới|city
920|Bắc_Giang|http://dbpedia.org/resource/Bắc_Giang|city
921|Bến|http://dbpedia.org/resource/Bến|city
922|Da_Nang|http://dbpedia.org/resource/Da_Nang|city
923|Nghe_An_province|http://dbpedia.org/resource/Nghe_An_province|city
924|Long_Xuyen|http://dbpedia.org/resource/Long_Xuyen|city
925|Biên_Hòa|http://dbpedia.org/resource/Biên_Hòa|city
926|Thái_Bình|http://dbpedia.org/resource/Thái_Bình|city
927|Mỹ_Tho|http://dbpedia.org/resource/Mỹ_Tho|city
928|Sơn_La|http://dbpedia.org/resource/Sơn_La|city
929|Phan_Rang–Tháp_Chàm|http://dbpedia.org/resource/Phan_Rang–Tháp_Chàm|city
930|Móng_Cái|http://dbpedia.org/resource/Móng_Cái|city
931|Phan_Thiết|http://dbpedia.org/resource/Phan_Thiết|city
932|Thanh_Hóa|http://dbpedia.org/resource/Thanh_Hóa|city
933|Điện_Biên_Phủ|http://dbpedia.org/resource/Điện_Biên_Phủ|city
934|Trà_Vinh|http://dbpedia.org/resource/Trà_Vinh|city
935|Phủ_Lý|http://dbpedia.org/resource/Phủ_Lý|city
936|Tuy_Hòa|http://dbpedia.org/resource/Tuy_Hòa|city
937|Hung_Yen_province|http://dbpedia.org/resource/Hung_Yen_province|city
938|Tân_An|http://dbpedia.org/resource/Tân_An|city
939|Sóc_Trăng|http://dbpedia.org/resource/Sóc_Trăng|city
940|Cần_Thơ|http://dbpedia.org/resource/Cần_Thơ|city
941|Huế|http://dbpedia.org/resource/Huế|city
942|Tam_Kỳ|http://dbpedia.org/resource/Tam_Kỳ|city
943|Gia_lam|http://dbpedia.org/resource/Gia_lam|city
944|Rạch_Giá|http://dbpedia.org/resource/Rạch_Giá|city
945|Cua_Lo|http://dbpedia.org/resource/Cua_Lo|city
946|Bạc_Liêu|http://dbpedia.org/resource/Bạc_Liêu|city
947|Ho_Chi_Minh_City|http://dbpedia.org/resource/Ho_Chi_Minh_City|city
948|Bà_Rịa|http://dbpedia.org/resource/Bà_Rịa|city
949|Đà_Lạt|http://dbpedia.org/resource/Đà_Lạt|city
950|Pleiku|http://dbpedia.org/resource/Pleiku|city
951|Puli_Khumri|http://dbpedia.org/resource/Puli_Khumri|city
952|Lashkar_Gah|http://dbpedia.org/resource/Lashkar_Gah|city
953|Jalalabad|http://dbpedia.org/resource/Jalalabad|city
954|Asadabad|http://dbpedia.org/resource/Asadabad|city
955|Kabul|http://dbpedia.org/resource/Kabul|city
956|Kandahar|http://dbpedia.org/resource/Kandahar|city
957|Gardēz|http://dbpedia.org/resource/Gardēz|city
958|Herat|http://dbpedia.org/resource/Herat|city
959|Khost|http://dbpedia.org/resource/Khost|city
960|Algiers|http://dbpedia.org/resource/Algiers|city
961|Batna|http://dbpedia.org/resource/Batna|city
962|Tiaret|http://dbpedia.org/resource/Tiaret|city
963|El_Harrach|http://dbpedia.org/resource/El_Harrach|city
964|Guelma|http://dbpedia.org/resource/Guelma|city
965|Bab_Ezzouar|http://dbpedia.org/resource/Bab_Ezzouar|city
966|Chief|http://dbpedia.org/resource/Chief|city
967|Annaba|http://dbpedia.org/resource/Annaba|city
968|El_Oued|http://dbpedia.org/resource/El_Oued|city
969|Oran|http://dbpedia.org/resource/Oran|city
970|Córdoba|http://dbpedia.org/resource/Córdoba|city
971|Mendoza|http://dbpedia.org/resource/Mendoza|city
972|Buenos_Aires|http://dbpedia.org/resource/Buenos_Aires|city
973|Various|http://dbpedia.org/resource/Various|city
974|Posadas|http://dbpedia.org/resource/Posadas|city
975|San_Martín|http://dbpedia.org/resource/San_Martín|city
976|Corrientes|http://dbpedia.org/resource/Corrientes|city
977|Presidencia_Roque_Sáenz_Peña|http://dbpedia.org/resource/Presidencia_Roque_Sáenz_Peña|city
978|Rosario|http://dbpedia.org/resource/Rosario|city
979|San_Miguel_de_Tucumán|http://dbpedia.org/resource/San_Miguel_de_Tucumán|city
980|Geelong|http://dbpedia.org/resource/Geelong|city
981|Sydney|http://dbpedia.org/resource/Sydney|city
982|Canberra|http://dbpedia.org/resource/Canberra|city
983|Brisbane|http://dbpedia.org/resource/Brisbane|city
984|Melbourne|http://dbpedia.org/resource/Melbourne|city
985|Perth|http://dbpedia.org/resource/Perth|city
986|Darlington|http://dbpedia.org/resource/Darlington|city
987|Camperdown|http://dbpedia.org/resource/Camperdown|city
988|Parkville|http://dbpedia.org/resource/Parkville|city
989|Adelaide|http://dbpedia.org/resource/Adelaide|city
990|Vitebsk|http://dbpedia.org/resource/Vitebsk|city
991|Baranovichi|http://dbpedia.org/resource/Baranovichi|city
992|Bobruysk|http://dbpedia.org/resource/Bobruysk|city
993|Mogilev|http://dbpedia.org/resource/Mogilev|city
994|Gomel|http://dbpedia.org/resource/Gomel|city
995|Borisov|http://dbpedia.org/resource/Borisov|city
996|Minsk|http://dbpedia.org/resource/Minsk|city
997|Brest|http://dbpedia.org/resource/Brest|city
998|Grodno|http://dbpedia.org/resource/Grodno|city
999|Barysaw|http://dbpedia.org/resource/Barysaw|city
1000|Liège|http://dbpedia.org/resource/Liège|city
1001|Leuven|http://dbpedia.org/resource/Leuven|city
1002|Paris|http://dbpedia.org/resource/Paris|city
1003|Tonbridge|http://dbpedia.org/resource/Tonbridge|city
1004|Antwerp|http://dbpedia.org/resource/Antwerp|city
1005|Ottignies-Louvain-la-Neuve|http://dbpedia.org/resource/Ottignies-Louvain-la-Neuve|city
1006|Canterbury|http://dbpedia.org/resource/Canterbury|city
1007|Medway|http://dbpedia.org/resource/Medway|city
1008|Ghent|http://dbpedia.org/resource/Ghent|city
1009|Brussels|http://dbpedia.org/resource/Brussels|city
1010|Taungoo_Township|http://dbpedia.org/resource/Taungoo_Township|city
1011|Sittwe_District|http://dbpedia.org/resource/Sittwe_District|city
1012|Lanmadaw_Township|http://dbpedia.org/resource/Lanmadaw_Township|city
1013|Mayangone|http://dbpedia.org/resource/Mayangone|city
1014|Insein_Township|http://dbpedia.org/resource/Insein_Township|city
1015|Taungoo|http://dbpedia.org/resource/Taungoo|city
1016|Yangon|http://dbpedia.org/resource/Yangon|city
1017|Loikaw|http://dbpedia.org/resource/Loikaw|city
1018|Pyin_U_Lwin|http://dbpedia.org/resource/Pyin_U_Lwin|city
1019|Meiktila|http://dbpedia.org/resource/Meiktila|city
1020|Toronto|http://dbpedia.org/resource/Toronto|city
1021|Fredericton|http://dbpedia.org/resource/Fredericton|city
1022|Edmonton|http://dbpedia.org/resource/Edmonton|city
1023|Ottawa|http://dbpedia.org/resource/Ottawa|city
1024|London|http://dbpedia.org/resource/London|city
1025|Winnipeg|http://dbpedia.org/resource/Winnipeg|city
1026|Hamilton|http://dbpedia.org/resource/Hamilton|city
1027|Saskatoon|http://dbpedia.org/resource/Saskatoon|city
1028|Vancouver|http://dbpedia.org/resource/Vancouver|city
1029|Montreal|http://dbpedia.org/resource/Montreal|city
1030|Kampong_Cham|http://dbpedia.org/resource/Kampong_Cham|city
1031|Siem_Reap|http://dbpedia.org/resource/Siem_Reap|city
1032|Kampong_Speu|http://dbpedia.org/resource/Kampong_Speu|city
1033|Ta_Khmau|http://dbpedia.org/resource/Ta_Khmau|city
1034|Pray_Veng|http://dbpedia.org/resource/Pray_Veng|city
1035|Battambang|http://dbpedia.org/resource/Battambang|city
1036|Borey_Seang_Nam|http://dbpedia.org/resource/Borey_Seang_Nam|city
1037|Phnom_Penh|http://dbpedia.org/resource/Phnom_Penh|city
1038|Sihanoukville|http://dbpedia.org/resource/Sihanoukville|city
1039|Pursat|http://dbpedia.org/resource/Pursat|city
1040|Mokolo|http://dbpedia.org/resource/Mokolo|city
1041|Baffoussam|http://dbpedia.org/resource/Baffoussam|city
1042|Garoua|http://dbpedia.org/resource/Garoua|city
1043|Bangangté|http://dbpedia.org/resource/Bangangté|city
1044|Maroua|http://dbpedia.org/resource/Maroua|city
1045|Buea|http://dbpedia.org/resource/Buea|city
1046|Kumba|http://dbpedia.org/resource/Kumba|city
1047|Yaoundé|http://dbpedia.org/resource/Yaoundé|city
1048|Bamenda|http://dbpedia.org/resource/Bamenda|city
1049|Douala|http://dbpedia.org/resource/Douala|city
1050|Valdivia|http://dbpedia.org/resource/Valdivia|city
1051|Santiago|http://dbpedia.org/resource/Santiago|city
1052|Antofagasta|http://dbpedia.org/resource/Antofagasta|city
1053|Iquique|http://dbpedia.org/resource/Iquique|city
1054|Valparaíso|http://dbpedia.org/resource/Valparaíso|city
1055|Temuco|http://dbpedia.org/resource/Temuco|city
1056|Viña_del_Mar|http://dbpedia.org/resource/Viña_del_Mar|city
1057|Puerto_Montt|http://dbpedia.org/resource/Puerto_Montt|city
1058|Osorno|http://dbpedia.org/resource/Osorno|city
1059|Concepción|http://dbpedia.org/resource/Concepción|city
1060|Bogotá|http://dbpedia.org/resource/Bogotá|city
1061|Cartagena|http://dbpedia.org/resource/Cartagena|city
1062|Pamplona|http://dbpedia.org/resource/Pamplona|city
1063|Manizales|http://dbpedia.org/resource/Manizales|city
1064|Armenia|http://dbpedia.org/resource/Armenia|city
1065|Bucaramanga|http://dbpedia.org/resource/Bucaramanga|city
1066|Cali|http://dbpedia.org/resource/Cali|city
1067|Barranquilla|http://dbpedia.org/resource/Barranquilla|city
1068|Tunja|http://dbpedia.org/resource/Tunja|city
1069|Medellín|http://dbpedia.org/resource/Medellín|city
1070|Havana|http://dbpedia.org/resource/Havana|city
1071|Marianao|http://dbpedia.org/resource/Marianao|city
1072|Santiago_de_Cuba|http://dbpedia.org/resource/Santiago_de_Cuba|city
1073|Jagüey_Grande|http://dbpedia.org/resource/Jagüey_Grande|city
1074|Cienfuegos|http://dbpedia.org/resource/Cienfuegos|city
1075|Matanzas|http://dbpedia.org/resource/Matanzas|city
1076|Pinar_del_Río|http://dbpedia.org/resource/Pinar_del_Río|city
1077|Ciego_de_Ávila|http://dbpedia.org/resource/Ciego_de_Ávila|city
1078|Santa_Clara|http://dbpedia.org/resource/Santa_Clara|city
1079|Camagüey|http://dbpedia.org/resource/Camagüey|city
1080|Ostrava|http://dbpedia.org/resource/Ostrava|city
1081|Liberec|http://dbpedia.org/resource/Liberec|city
1082|Prague|http://dbpedia.org/resource/Prague|city
1083|Mladá_Boleslav|http://dbpedia.org/resource/Mladá_Boleslav|city
1084|České_Budějovice|http://dbpedia.org/resource/České_Budějovice|city
1085|Ústí_nad_Labem|http://dbpedia.org/resource/Ústí_nad_Labem|city
1086|Hradec_Králové|http://dbpedia.org/resource/Hradec_Králové|city
1087|Brno|http://dbpedia.org/resource/Brno|city
1088|Moravia|http://dbpedia.org/resource/Moravia|city
1089|Olomouc|http://dbpedia.org/resource/Olomouc|city
1090|Kinshasa|http://dbpedia.org/resource/Kinshasa|city
1091|Bandundu|http://dbpedia.org/resource/Bandundu|city
1092|Baraka|http://dbpedia.org/resource/Baraka|city
1093|Boma|http://dbpedia.org/resource/Boma|city
1094|Bukavu|http://dbpedia.org/resource/Bukavu|city
1095|Goma|http://dbpedia.org/resource/Goma|city
1096|Kisangani|http://dbpedia.org/resource/Kisangani|city
1097|Kananga|http://dbpedia.org/resource/Kananga|city
1098|Lubumbashi|http://dbpedia.org/resource/Lubumbashi|city
1099|Bas-Congo|http://dbpedia.org/resource/Bas-Congo|city
1100|Alexandria|http://dbpedia.org/resource/Alexandria|city
1101|Monufia_Governorate|http://dbpedia.org/resource/Monufia_Governorate|city
1102|Cairo|http://dbpedia.org/resource/Cairo|city
1103|Beni_Suef|http://dbpedia.org/resource/Beni_Suef|city
1104|Giza|http://dbpedia.org/resource/Giza|city
1105|El_Shorouk|http://dbpedia.org/resource/El_Shorouk|city
1106|New_Cairo|http://dbpedia.org/resource/New_Cairo|city
1107|Ramadan_City|http://dbpedia.org/resource/Ramadan_City|city
1108|Bilbeis|http://dbpedia.org/resource/Bilbeis|city
1109|Sohag|http://dbpedia.org/resource/Sohag|city
1110|Southampton|http://dbpedia.org/resource/Southampton|city
1111|Manchester|http://dbpedia.org/resource/Manchester|city
1112|Leicester|http://dbpedia.org/resource/Leicester|city
1113|Newcastle_upon_Tyne|http://dbpedia.org/resource/Newcastle_upon_Tyne|city
1114|Durham|http://dbpedia.org/resource/Durham|city
1115|Birmingham|http://dbpedia.org/resource/Birmingham|city
1116|York|http://dbpedia.org/resource/York|city
1117|Sheffield|http://dbpedia.org/resource/Sheffield|city
1118|Leeds|http://dbpedia.org/resource/Leeds|city
1119|Dire_Dawa|http://dbpedia.org/resource/Dire_Dawa|city
1120|Debre_Marqos|http://dbpedia.org/resource/Debre_Marqos|city
1121|Nekemte|http://dbpedia.org/resource/Nekemte|city
1122|Awasa|http://dbpedia.org/resource/Awasa|city
1123|Mek'ele|http://dbpedia.org/resource/Mek'ele|city
1124|Bahir_Dar|http://dbpedia.org/resource/Bahir_Dar|city
1125|Addis_Ababa|http://dbpedia.org/resource/Addis_Ababa|city
1126|Mettu|http://dbpedia.org/resource/Mettu|city
1127|Adama|http://dbpedia.org/resource/Adama|city
1128|Jimma|http://dbpedia.org/resource/Jimma|city
1129|Lyon|http://dbpedia.org/resource/Lyon|city
1130|Toulouse|http://dbpedia.org/resource/Toulouse|city
1131|Montpellier|http://dbpedia.org/resource/Montpellier|city
1132|Lille|http://dbpedia.org/resource/Lille|city
1133|Aix-en-Provence|http://dbpedia.org/resource/Aix-en-Provence|city
1134|Évry|http://dbpedia.org/resource/Évry|city
1135|Nancy|http://dbpedia.org/resource/Nancy|city
1136|Grenoble|http://dbpedia.org/resource/Grenoble|city
1137|Nantes|http://dbpedia.org/resource/Nantes|city
1138|Thessaloniki|http://dbpedia.org/resource/Thessaloniki|city
1139|Kozani|http://dbpedia.org/resource/Kozani|city
1140|Patras|http://dbpedia.org/resource/Patras|city
1141|Kalamata|http://dbpedia.org/resource/Kalamata|city
1142|Athens|http://dbpedia.org/resource/Athens|city
1143|Trikala|http://dbpedia.org/resource/Trikala|city
1144|Crete|http://dbpedia.org/resource/Crete|city
1145|Karditsa|http://dbpedia.org/resource/Karditsa|city
1146|Piraeus|http://dbpedia.org/resource/Piraeus|city
1147|Larissa|http://dbpedia.org/resource/Larissa|city
1148|Győr|http://dbpedia.org/resource/Győr|city
1149|Budapest|http://dbpedia.org/resource/Budapest|city
1150|Szeged|http://dbpedia.org/resource/Szeged|city
1151|Esztergom|http://dbpedia.org/resource/Esztergom|city
1152|Salgótarján|http://dbpedia.org/resource/Salgótarján|city
1153|Zalaegerszeg|http://dbpedia.org/resource/Zalaegerszeg|city
1154|Visonta|http://dbpedia.org/resource/Visonta|city
1155|Debrecen|http://dbpedia.org/resource/Debrecen|city
1156|Veszprém|http://dbpedia.org/resource/Veszprém|city
1157|Piliscsaba|http://dbpedia.org/resource/Piliscsaba|city
1158|Shiraz|http://dbpedia.org/resource/Shiraz|city
1159|Shahrekord|http://dbpedia.org/resource/Shahrekord|city
1160|Babol|http://dbpedia.org/resource/Babol|city
1161|Mashhad|http://dbpedia.org/resource/Mashhad|city
1162|Zanjan|http://dbpedia.org/resource/Zanjan|city
1163|Qazvin|http://dbpedia.org/resource/Qazvin|city
1164|Tabriz|http://dbpedia.org/resource/Tabriz|city
1165|Isfahan|http://dbpedia.org/resource/Isfahan|city
1166|Tehran|http://dbpedia.org/resource/Tehran|city
1167|Qom|http://dbpedia.org/resource/Qom|city
1168|Venice|http://dbpedia.org/resource/Venice|city
1169|Pisa|http://dbpedia.org/resource/Pisa|city
1170|Naples|http://dbpedia.org/resource/Naples|city
1171|Trieste|http://dbpedia.org/resource/Trieste|city
1172|Milan|http://dbpedia.org/resource/Milan|city
1173|Rome|http://dbpedia.org/resource/Rome|city
1174|Pavia|http://dbpedia.org/resource/Pavia|city
1175|Florence|http://dbpedia.org/resource/Florence|city
1176|Turin|http://dbpedia.org/resource/Turin|city
1177|Brescia|http://dbpedia.org/resource/Brescia|city
1178|Astana|http://dbpedia.org/resource/Astana|city
1179|Aktobe|http://dbpedia.org/resource/Aktobe|city
1180|Karagandy|http://dbpedia.org/resource/Karagandy|city
1181|Oskemen|http://dbpedia.org/resource/Oskemen|city
1182|Pavlodar|http://dbpedia.org/resource/Pavlodar|city
1183|Taraz|http://dbpedia.org/resource/Taraz|city
1184|Semey|http://dbpedia.org/resource/Semey|city
1185|Shymkent|http://dbpedia.org/resource/Shymkent|city
1186|Almaty|http://dbpedia.org/resource/Almaty|city
1187|Oral|http://dbpedia.org/resource/Oral|city
1188|Machakos|http://dbpedia.org/resource/Machakos|city
1189|Eldoret|http://dbpedia.org/resource/Eldoret|city
1190|Kikuyu|http://dbpedia.org/resource/Kikuyu|city
1191|Kitengela|http://dbpedia.org/resource/Kitengela|city
1192|Nakuru|http://dbpedia.org/resource/Nakuru|city
1193|Kitale|http://dbpedia.org/resource/Kitale|city
1194|Thika|http://dbpedia.org/resource/Thika|city
1195|Nairobi|http://dbpedia.org/resource/Nairobi|city
1196|Nyeri|http://dbpedia.org/resource/Nyeri|city
1197|Ambovombe|http://dbpedia.org/resource/Ambovombe|city
1198|Amparafaravola|http://dbpedia.org/resource/Amparafaravola|city
1199|Mahajanga|http://dbpedia.org/resource/Mahajanga|city
1200|Antsirabe|http://dbpedia.org/resource/Antsirabe|city
1201|Antananarivo|http://dbpedia.org/resource/Antananarivo|city
1202|Toamasina|http://dbpedia.org/resource/Toamasina|city
1203|Fianarantosa|http://dbpedia.org/resource/Fianarantosa|city
1204|Antanifotsy|http://dbpedia.org/resource/Antanifotsy|city
1205|Toliara|http://dbpedia.org/resource/Toliara|city
1206|Antsiranana|http://dbpedia.org/resource/Antsiranana|city
1207|Cyberjaya|http://dbpedia.org/resource/Cyberjaya|city
1208|Kuching|http://dbpedia.org/resource/Kuching|city
1209|Nilai|http://dbpedia.org/resource/Nilai|city
1210|George_Town|http://dbpedia.org/resource/George_Town|city
1211|Penang|http://dbpedia.org/resource/Penang|city
1212|Selangor|http://dbpedia.org/resource/Selangor|city
1213|Wilayah_Persekutuan_Kuala_Lumpur|http://dbpedia.org/resource/Wilayah_Persekutuan_Kuala_Lumpur|city
1214|Kuala_Lumpur|http://dbpedia.org/resource/Kuala_Lumpur|city
1215|Terengganu|http://dbpedia.org/resource/Terengganu|city
1216|Shah_Alam|http://dbpedia.org/resource/Shah_Alam|city
1217|Codru|http://dbpedia.org/resource/Codru|city
1218|Ungheni|http://dbpedia.org/resource/Ungheni|city
1219|Orhei|http://dbpedia.org/resource/Orhei|city
1220|Comrat|http://dbpedia.org/resource/Comrat|city
1221|Cahul|http://dbpedia.org/resource/Cahul|city
1222|Tiraspol|http://dbpedia.org/resource/Tiraspol|city
1223|Chişinău|http://dbpedia.org/resource/Chişinău|city
1224|Balti|http://dbpedia.org/resource/Balti|city
1225|Bender|http://dbpedia.org/resource/Bender|city
1226|Soroca|http://dbpedia.org/resource/Soroca|city
1227|Oujda|http://dbpedia.org/resource/Oujda|city
1228|Casablanca|http://dbpedia.org/resource/Casablanca|city
1229|Marrakech|http://dbpedia.org/resource/Marrakech|city
1230|Rabat|http://dbpedia.org/resource/Rabat|city
1231|Sale|http://dbpedia.org/resource/Sale|city
1232|Ifrane|http://dbpedia.org/resource/Ifrane|city
1233|Agadir|http://dbpedia.org/resource/Agadir|city
1234|Fes|http://dbpedia.org/resource/Fes|city
1235|Meknes|http://dbpedia.org/resource/Meknes|city
1236|Tangier-Tetouan|http://dbpedia.org/resource/Tangier-Tetouan|city
1237|Nala|http://dbpedia.org/resource/Nala|city
1238|Kirtipur|http://dbpedia.org/resource/Kirtipur|city
1239|Balkumari|http://dbpedia.org/resource/Balkumari|city
1240|Lumbini|http://dbpedia.org/resource/Lumbini|city
1241|Pokhara|http://dbpedia.org/resource/Pokhara|city
1242|Dharan|http://dbpedia.org/resource/Dharan|city
1243|Gwarko|http://dbpedia.org/resource/Gwarko|city
1244|Lalitpur|http://dbpedia.org/resource/Lalitpur|city
1245|Kathmandu|http://dbpedia.org/resource/Kathmandu|city
1246|Rajbiraj|http://dbpedia.org/resource/Rajbiraj|city
1247|Groningen|http://dbpedia.org/resource/Groningen|city
1248|The_Hague|http://dbpedia.org/resource/The_Hague|city
1249|Heerlen|http://dbpedia.org/resource/Heerlen|city
1250|Leiden|http://dbpedia.org/resource/Leiden|city
1251|Maastricht|http://dbpedia.org/resource/Maastricht|city
1252|Eindhoven|http://dbpedia.org/resource/Eindhoven|city
1253|Utrecht|http://dbpedia.org/resource/Utrecht|city
1254|Amsterdam|http://dbpedia.org/resource/Amsterdam|city
1255|Tilburg|http://dbpedia.org/resource/Tilburg|city
1256|Rotterdam|http://dbpedia.org/resource/Rotterdam|city
1257|Tessaoua|http://dbpedia.org/resource/Tessaoua|city
1258|Arlit|http://dbpedia.org/resource/Arlit|city
1259|Abidjan|http://dbpedia.org/resource/Abidjan|city
1260|Niamey|http://dbpedia.org/resource/Niamey|city
1261|Zinder|http://dbpedia.org/resource/Zinder|city
1262|Tahoua|http://dbpedia.org/resource/Tahoua|city
1263|Birni_Nkonni|http://dbpedia.org/resource/Birni_Nkonni|city
1264|Agadez|http://dbpedia.org/resource/Agadez|city
1265|Maradi|http://dbpedia.org/resource/Maradi|city
1266|Dosso|http://dbpedia.org/resource/Dosso|city
1267|Trujillo|http://dbpedia.org/resource/Trujillo|city
1268|Distrito_de_Bellavista|http://dbpedia.org/resource/Distrito_de_Bellavista|city
1269|Chorrillos_District|http://dbpedia.org/resource/Chorrillos_District|city
1270|Arequipa|http://dbpedia.org/resource/Arequipa|city
1271|Jesús_María|http://dbpedia.org/resource/Jesús_María|city
1272|Chosica,Lima|http://dbpedia.org/resource/Chosica,Lima|city
1273|Huancayo|http://dbpedia.org/resource/Huancayo|city
1274|Callao|http://dbpedia.org/resource/Callao|city
1275|Lima|http://dbpedia.org/resource/Lima|city
1276|La_Punta|http://dbpedia.org/resource/La_Punta|city
1277|Gdańsk|http://dbpedia.org/resource/Gdańsk|city
1278|Szczecin|http://dbpedia.org/resource/Szczecin|city
1279|Wrocław|http://dbpedia.org/resource/Wrocław|city
1280|Radom|http://dbpedia.org/resource/Radom|city
1281|Łódź|http://dbpedia.org/resource/Łódź|city
1282|Katowice|http://dbpedia.org/resource/Katowice|city
1283|Lublin|http://dbpedia.org/resource/Lublin|city
1284|Kraków|http://dbpedia.org/resource/Kraków|city
1285|Poznań|http://dbpedia.org/resource/Poznań|city
1286|Warsaw|http://dbpedia.org/resource/Warsaw|city
1287|Porto|http://dbpedia.org/resource/Porto|city
1288|Steenokkerzeel|http://dbpedia.org/resource/Steenokkerzeel|city
1289|Faro|http://dbpedia.org/resource/Faro|city
1290|Almada|http://dbpedia.org/resource/Almada|city
1291|Braga|http://dbpedia.org/resource/Braga|city
1292|Coimbra|http://dbpedia.org/resource/Coimbra|city
1293|Lisbon|http://dbpedia.org/resource/Lisbon|city
1294|Évora|http://dbpedia.org/resource/Évora|city
1295|Mesa|http://dbpedia.org/resource/Mesa|city
1296|Funchal|http://dbpedia.org/resource/Funchal|city
1297|Taichung|http://dbpedia.org/resource/Taichung|city
1298|Yongkang_District|http://dbpedia.org/resource/Yongkang_District|city
1299|Zhongli|http://dbpedia.org/resource/Zhongli|city
1300|Yunlin_County|http://dbpedia.org/resource/Yunlin_County|city
1301|Hsinchu|http://dbpedia.org/resource/Hsinchu|city
1302|Kaohsiung|http://dbpedia.org/resource/Kaohsiung|city
1303|Taipei|http://dbpedia.org/resource/Taipei|city
1304|Tainan|http://dbpedia.org/resource/Tainan|city
1305|Bucharest|http://dbpedia.org/resource/Bucharest|city
1306|Cluj-Napoca|http://dbpedia.org/resource/Cluj-Napoca|city
1307|Constanța|http://dbpedia.org/resource/Constanța|city
1308|Iași|http://dbpedia.org/resource/Iași|city
1309|Galați|http://dbpedia.org/resource/Galați|city
1310|Brașov|http://dbpedia.org/resource/Brașov|city
1311|Arad|http://dbpedia.org/resource/Arad|city
1312|Oradea|http://dbpedia.org/resource/Oradea|city
1313|Târgoviște|http://dbpedia.org/resource/Târgoviște|city
1314|Timișoara|http://dbpedia.org/resource/Timișoara|city
1315|Kolda|http://dbpedia.org/resource/Kolda|city
1316|Saint-Louis|http://dbpedia.org/resource/Saint-Louis|city
1317|Thies|http://dbpedia.org/resource/Thies|city
1318|Louga|http://dbpedia.org/resource/Louga|city
1319|Touba|http://dbpedia.org/resource/Touba|city
1320|Dakar|http://dbpedia.org/resource/Dakar|city
1321|Diourbel|http://dbpedia.org/resource/Diourbel|city
1322|Tambacounda|http://dbpedia.org/resource/Tambacounda|city
1323|Rufisque|http://dbpedia.org/resource/Rufisque|city
1324|Cape_Town|http://dbpedia.org/resource/Cape_Town|city
1325|Durban|http://dbpedia.org/resource/Durban|city
1326|Bloemfontein|http://dbpedia.org/resource/Bloemfontein|city
1327|Saldanha|http://dbpedia.org/resource/Saldanha|city
1328|eMalahleni|http://dbpedia.org/resource/eMalahleni|city
1329|Mthatha|http://dbpedia.org/resource/Mthatha|city
1330|Johannesburg|http://dbpedia.org/resource/Johannesburg|city
1331|Bellville|http://dbpedia.org/resource/Bellville|city
1332|Pretoria|http://dbpedia.org/resource/Pretoria|city
1333|Seoul|http://dbpedia.org/resource/Seoul|city
1334|Seongbuk-gu|http://dbpedia.org/resource/Seongbuk-gu|city
1335|Suwon|http://dbpedia.org/resource/Suwon|city
1336|Gwangju|http://dbpedia.org/resource/Gwangju|city
1337|Daejeon|http://dbpedia.org/resource/Daejeon|city
1338|Pohang|http://dbpedia.org/resource/Pohang|city
1339|Busan|http://dbpedia.org/resource/Busan|city
1340|Andong|http://dbpedia.org/resource/Andong|city
1341|Yongin|http://dbpedia.org/resource/Yongin|city
1342|Incheon|http://dbpedia.org/resource/Incheon|city
1343|Salamanca|http://dbpedia.org/resource/Salamanca|city
1344|Madrid|http://dbpedia.org/resource/Madrid|city
1345|Barcelona|http://dbpedia.org/resource/Barcelona|city
1346|Seville|http://dbpedia.org/resource/Seville|city
1347|Valladolid|http://dbpedia.org/resource/Valladolid|city
1348|Santander|http://dbpedia.org/resource/Santander|city
1349|Vigo|http://dbpedia.org/resource/Vigo|city
1350|San_Sebastián|http://dbpedia.org/resource/San_Sebastián|city
1351|Valencia|http://dbpedia.org/resource/Valencia|city
1352|Bilbao|http://dbpedia.org/resource/Bilbao|city
1353|Kelaniya|http://dbpedia.org/resource/Kelaniya|city
1354|Elpitiya|http://dbpedia.org/resource/Elpitiya|city
1355|Matara|http://dbpedia.org/resource/Matara|city
1356|Nugegoda|http://dbpedia.org/resource/Nugegoda|city
1357|Colombo|http://dbpedia.org/resource/Colombo|city
1358|Kandy|http://dbpedia.org/resource/Kandy|city
1359|Peradeniya|http://dbpedia.org/resource/Peradeniya|city
1360|Ratmalana_Airport|http://dbpedia.org/resource/Ratmalana_Airport|city
1361|Malabe|http://dbpedia.org/resource/Malabe|city
1362|Batalanda|http://dbpedia.org/resource/Batalanda|city
1363|Rovaniemi|http://dbpedia.org/resource/Rovaniemi|city
1364|Malmö|http://dbpedia.org/resource/Malmö|city
1365|Uppsala|http://dbpedia.org/resource/Uppsala|city
1366|Umeå|http://dbpedia.org/resource/Umeå|city
1367|Borås|http://dbpedia.org/resource/Borås|city
1368|Jönköping|http://dbpedia.org/resource/Jönköping|city
1369|Stockholm|http://dbpedia.org/resource/Stockholm|city
1370|Lund|http://dbpedia.org/resource/Lund|city
1371|Örebro|http://dbpedia.org/resource/Örebro|city
1372|Gothenburg|http://dbpedia.org/resource/Gothenburg|city
1373|Mwanza|http://dbpedia.org/resource/Mwanza|city
1374|Arusha|http://dbpedia.org/resource/Arusha|city
1375|Morogoro|http://dbpedia.org/resource/Morogoro|city
1376|Mzumbe_morogoro|http://dbpedia.org/resource/Mzumbe_morogoro|city
1377|Dar_es_Salaam|http://dbpedia.org/resource/Dar_es_Salaam|city
1378|Mbeya|http://dbpedia.org/resource/Mbeya|city
1379|Unguja|http://dbpedia.org/resource/Unguja|city
1380|Dodoma|http://dbpedia.org/resource/Dodoma|city
1381|Zanzibar|http://dbpedia.org/resource/Zanzibar|city
1382|Nakhon_Pathom_Province|http://dbpedia.org/resource/Nakhon_Pathom_Province|city
1383|Bangkok|http://dbpedia.org/resource/Bangkok|city
1384|Pathum_Thani_Province|http://dbpedia.org/resource/Pathum_Thani_Province|city
1385|Pathum_Thani|http://dbpedia.org/resource/Pathum_Thani|city
1386|Lampang|http://dbpedia.org/resource/Lampang|city
1387|Chiang_Mai|http://dbpedia.org/resource/Chiang_Mai|city
1388|Klong_Luang|http://dbpedia.org/resource/Klong_Luang|city
1389|Hat_Yai|http://dbpedia.org/resource/Hat_Yai|city
1390|Songkhla|http://dbpedia.org/resource/Songkhla|city
1391|Narathiwat|http://dbpedia.org/resource/Narathiwat|city
1392|La_Marsa|http://dbpedia.org/resource/La_Marsa|city
1393|Bizerte|http://dbpedia.org/resource/Bizerte|city
1394|Etadhamen|http://dbpedia.org/resource/Etadhamen|city
1395|Sfax|http://dbpedia.org/resource/Sfax|city
1396|Gabes|http://dbpedia.org/resource/Gabes|city
1397|Monastir|http://dbpedia.org/resource/Monastir|city
1398|Sousse|http://dbpedia.org/resource/Sousse|city
1399|Kairouan|http://dbpedia.org/resource/Kairouan|city
1400|Tunis|http://dbpedia.org/resource/Tunis|city
1401|El_Mourouj|http://dbpedia.org/resource/El_Mourouj|city
1402|Mersin|http://dbpedia.org/resource/Mersin|city
1403|Istanbul|http://dbpedia.org/resource/Istanbul|city
1404|Çankaya|http://dbpedia.org/resource/Çankaya|city
1405|Ankara|http://dbpedia.org/resource/Ankara|city
1406|Bursa|http://dbpedia.org/resource/Bursa|city
1407|Gaziantep|http://dbpedia.org/resource/Gaziantep|city
1408|Eskişehir|http://dbpedia.org/resource/Eskişehir|city
1409|Gebze|http://dbpedia.org/resource/Gebze|city
1410|Kadıköy|http://dbpedia.org/resource/Kadıköy|city
1411|Izmir|http://dbpedia.org/resource/Izmir|city
1412|Kiev|http://dbpedia.org/resource/Kiev|city
1413|Mykolaiv|http://dbpedia.org/resource/Mykolaiv|city
1414|Dnipropetrovsk|http://dbpedia.org/resource/Dnipropetrovsk|city
1415|Kharkiv|http://dbpedia.org/resource/Kharkiv|city
1416|Uzhhorod|http://dbpedia.org/resource/Uzhhorod|city
1417|Lviv|http://dbpedia.org/resource/Lviv|city
1418|Donetsk|http://dbpedia.org/resource/Donetsk|city
1419|Luhansk|http://dbpedia.org/resource/Luhansk|city
1420|Chernivtsi|http://dbpedia.org/resource/Chernivtsi|city
1421|Odessa|http://dbpedia.org/resource/Odessa|city
1422|Coventry|http://dbpedia.org/resource/Coventry|city
1423|Liverpool|http://dbpedia.org/resource/Liverpool|city
1424|North_Wales|http://dbpedia.org/resource/North_Wales|city
1425|Bristol|http://dbpedia.org/resource/Bristol|city
1426|Caracas|http://dbpedia.org/resource/Caracas|city
1427|Barquisimeto|http://dbpedia.org/resource/Barquisimeto|city
1428|Nueva_Esparta|http://dbpedia.org/resource/Nueva_Esparta|city
1429|Anzoátegui|http://dbpedia.org/resource/Anzoátegui|city
1430|Maracaibo|http://dbpedia.org/resource/Maracaibo|city
1431|Monagas|http://dbpedia.org/resource/Monagas|city
1432|Bolívar|http://dbpedia.org/resource/Bolívar|city
1433|Sucre|http://dbpedia.org/resource/Sucre|city
1434|Al_Hudaydah|http://dbpedia.org/resource/Al_Hudaydah|city
1435|Zinjibar|http://dbpedia.org/resource/Zinjibar|city
1436|Dhamar|http://dbpedia.org/resource/Dhamar|city
1437|Ibb|http://dbpedia.org/resource/Ibb|city
1438|Hadhramaut|http://dbpedia.org/resource/Hadhramaut|city
1439|Ta'izz|http://dbpedia.org/resource/Ta'izz|city
1440|Sayyan|http://dbpedia.org/resource/Sayyan|city
1441|Aden|http://dbpedia.org/resource/Aden|city
1442|Sana'a|http://dbpedia.org/resource/Sana'a|city
1443|Al_Mukalla|http://dbpedia.org/resource/Al_Mukalla|city
1444|Luanshya|http://dbpedia.org/resource/Luanshya|city
1445|Livingstone|http://dbpedia.org/resource/Livingstone|city
1446|Monze|http://dbpedia.org/resource/Monze|city
1447|Ndola|http://dbpedia.org/resource/Ndola|city
1448|Kasama|http://dbpedia.org/resource/Kasama|city
1449|Kabwe|http://dbpedia.org/resource/Kabwe|city
1450|Mufulira|http://dbpedia.org/resource/Mufulira|city
1451|Kitwe|http://dbpedia.org/resource/Kitwe|city
1452|Lusaka|http://dbpedia.org/resource/Lusaka|city
1453|Chingola|http://dbpedia.org/resource/Chingola|city
1454|Asia|http://dbpedia.org/resource/Asia|continent
1455|Africa|http://dbpedia.org/resource/Africa|continent
1456|Europe|http://dbpedia.org/resource/Europe|continent
1457|South_America|http://dbpedia.org/resource/South_America|continent
1458|North_America|http://dbpedia.org/resource/North_America|continent
1459|Australia|http://dbpedia.org/resource/Australia|continent
